"","region","watershed","family","genus","epithet","code","Trans","Number"
"1","Caribe","Bolivar","","","","","High",11
"2","Caribe","Guajira","","","","","High",10
"3","ValleMagdalena","Huila","","","","","High",1
"4","ValleCauca","Valle del Cauca","","","","","High",9
"5","Caribe","Bolivar","EUPHORBIACEAE","Acalypha","diversifolia","Acaldive","High",3
"6","Caribe","Guajira","EUPHORBIACEAE","Acalypha","diversifolia","Acaldive","High",10
"7","Caribe","Bolivar","EUPHORBIACEAE","Acalypha","villosa","Acalvill","High",3
"8","Caribe","Guajira","BIGNONIACEAE","Adenocalymma","aspericarpum","Adenaspe","High",1
"9","Caribe","Guajira","LAMIACEAE","Aegiphila","laeta","Aegilaet","High",17
"10","Caribe","Bolivar","FABACEAE","Albizia","niopoides","Albiniop","High",9
"11","Caribe","Bolivar","SAPINDACEAE","Allophylus","racemosus","Allorace","High",2
"12","Caribe","Bolivar","ULMACEAE","Ampelocera","macphersonii","Ampemacp","High",1
"13","ValleMagdalena","TolimaS","ULMACEAE","Ampelocera","sp","Ampesp","High",11
"14","ValleCauca","Valle del Cauca","RUTACEAE","Amyris","pinnata","Amyrpinn","High",35
"15","Caribe","Guajira","ANACARDIACEAE","Anacardium","excelsum","Anacexce","High",1
"16","ValleMagdalena","Huila","ANACARDIACEAE","Anacardium","excelsum","Anacexce","High",2
"17","ValleCauca","Valle del Cauca","ANNONACEAE","Annona","muricata","Annomuri","High",24
"18","ValleCauca","Valle del Cauca","ANNONACEAE","Annona","quinduensis","Annoquin","High",13
"19","ValleMagdalena","Huila","ANNONACEAE","Annona","rufinervis","Annorufi","High",5
"20","Caribe","Bolivar","ANACARDIACEAE","Astronium","graveolens","Astrgrav","High",5
"21","Caribe","Guajira","ANACARDIACEAE","Astronium","graveolens","Astrgrav","High",11
"22","ValleMagdalena","Huila","ANACARDIACEAE","Astronium","graveolens","Astrgrav","High",10
"23","ValleMagdalena","TolimaS","ANACARDIACEAE","Astronium","graveolens","Astrgrav","High",2
"24","Caribe","Guajira","ARECACEAE","Attalea","butyracea","Attabuty","High",4
"25","ValleMagdalena","Huila","ARECACEAE","Attalea","butyracea","Attabuty","High",6
"26","Caribe","Bolivar","ARECACEAE","Bactris","sp","Bactsp","High",1
"27","Caribe","Guajira","ARECACEAE","Bactris","sp","Bactsp","High",15
"28","ValleMagdalena","Huila","ARECACEAE","Bactris","sp","Bactsp","High",1
"29","Caribe","Guajira","SALICACEAE","Banara","guianensis","Banaguia","High",11
"30","ValleMagdalena","Huila","SALICACEAE","Banara","ibaguensis","Banaibag","High",4
"31","ValleMagdalena","TolimaS","SALICACEAE","Banara","ibaguensis","Banaibag","High",5
"32","Caribe","Bolivar","BIGNONIACEAE","Bignonia","diversifolia","Bigndive","High",2
"33","Caribe","Guajira","BIXACEAE","Bixa","orellana","Bixaorel","High",8
"34","Caribe","Bolivar","MORACEAE","Brosimum","alicastrum","Brosalic","High",1
"35","Caribe","Guajira","MORACEAE","Brosimum","alicastrum","Brosalic","High",1
"36","ValleCauca","Valle del Cauca","MORACEAE","Brosimum","alicastrum","Brosalic","High",276
"37","Caribe","Bolivar","MORACEAE","Brosimum","guianense","Brosguia","High",6
"38","ValleMagdalena","Huila","MALPIGHIACEAE","Bunchosia","pseudonitida","Buncpseu","High",1
"39","ValleCauca","Valle del Cauca","MALPIGHIACEAE","Bunchosia","pseudonitida","Buncpseu","High",92
"40","ValleCauca","Valle del Cauca","MALPIGHIACEAE","Bunchosia","sp3","Buncsp3","High",140
"41","Caribe","Bolivar","BURSERACEAE","Bursera","simaruba","Burssima","High",1
"42","ValleMagdalena","TolimaS","BURSERACEAE","Bursera","tomentosa","Burstome","High",1
"43","ValleMagdalena","Huila","LAMIACEAE","Callicarpa","acuminata","Callacum","High",29
"44","ValleCauca","Valle del Cauca","FABACEAE","Calliandra","lehmannii","Calllehm","High",58
"45","Caribe","Bolivar","CAPPARACEAE","Capparidastrum","frondosum","Cappfron","High",1
"46","ValleCauca","Valle del Cauca","APOCYNACEAE","Cascabela","thevetia","Cascthev","High",5
"47","Caribe","Bolivar","SALICACEAE","Casearia","corymbosa","Casecory","High",11
"48","Caribe","Guajira","SALICACEAE","Casearia","corymbosa","Casecory","High",1
"49","ValleMagdalena","Huila","SALICACEAE","Casearia","corymbosa","Casecory","High",10
"50","ValleMagdalena","TolimaS","SALICACEAE","Casearia","corymbosa","Casecory","High",6
"51","Caribe","Bolivar","SALICACEAE","Casearia","praecox","Caseprae","High",2
"52","Caribe","Bolivar","SALICACEAE","Casearia","sp1","Casesp1","High",25
"53","ValleMagdalena","Huila","SALICACEAE","Casearia","sp2","Casesp2","High",15
"54","ValleMagdalena","Huila","SALICACEAE","Casearia","sp3","Casesp3","High",1
"55","ValleMagdalena","Huila","SALICACEAE","Casearia","sylvestris","Casesylv","High",36
"56","Caribe","Bolivar","URTICACEAE","Cecropia","peltata","Cecrpelt","High",1
"57","Caribe","Guajira","URTICACEAE","Cecropia","sp","Cecrsp","High",30
"58","ValleMagdalena","Huila","CANNABACEAE","Celtis","iguanaea","Celtigua","High",3
"59","Caribe","Bolivar","FABACEAE","Chloroleucon","mangense","Chlomang","High",16
"60","ValleCauca","Valle del Cauca","FABACEAE","Chloroleucon","mangense","Chlomang","High",1
"61","Caribe","Bolivar","RUBIACEAE","Chomelia","microloba","Chommicr","High",5
"62","ValleMagdalena","Huila","RUBIACEAE","Chomelia","microloba","Chommicr","High",5
"63","Caribe","Bolivar","RUBIACEAE","Chomelia","spinosa","Chomspin","High",105
"64","ValleMagdalena","TolimaS","RUBIACEAE","Chomelia","spinosa","Chomspin","High",29
"65","ValleCauca","Valle del Cauca","SAPOTACEAE","Chrysophyllum","argenteum","Chryarge","High",32
"66","ValleMagdalena","Huila","LAURACEAE","Cinnamomum","triplinerve","Cinntrip","High",18
"67","ValleCauca","Valle del Cauca","LAURACEAE","Cinnamomum","triplinerve","Cinntrip","High",28
"68","ValleCauca","Valle del Cauca","VERBENACEAE","Citharexylum","kunthianum","Cithkunt","High",39
"69","Caribe","Guajira","MORACEAE","Clarisia","biflora","Clarbifl","High",9
"70","ValleCauca","Valle del Cauca","CLUSIACEAE","Clusia","cochliformis","Cluscoch","High",39
"71","ValleMagdalena","TolimaS","POLYGONACEAE","Coccoloba","obovata","Coccobov","High",7
"72","Caribe","Bolivar","POLYGONACEAE","Coccoloba","sp","Coccsp","High",1
"73","Caribe","Bolivar","BIXACEAE","Cochlospermum","vitifolium","Cochviti","High",5
"74","Caribe","Guajira","BIXACEAE","Cochlospermum","vitifolium","Cochviti","High",4
"75","ValleCauca","Valle del Cauca","RUBIACEAE","Coffea","arabica","Coffarab","High",12
"76","Caribe","Guajira","COMBRETACEAE","Combretum","sp3","Combsp3","High",2
"77","Caribe","Bolivar","CORDIACEAE","Cordia","alliodora","Cordalli","High",81
"78","ValleMagdalena","Huila","CORDIACEAE","Cordia","alliodora","Cordalli","High",34
"79","Caribe","Bolivar","CORDIACEAE","Cordia","bicolor","Cordbico","High",7
"80","Caribe","Guajira","CORDIACEAE","Cordia","bicolor","Cordbico","High",24
"81","Caribe","Guajira","CORDIACEAE","Cordia","sp1","Cordsp1","High",6
"82","Caribe","Bolivar","CORDIACEAE","Cordia","sp3","Cordsp3","High",3
"83","ValleCauca","Valle del Cauca","RUBIACEAE","Cosmibuena","grandiflora","Cosmgran","High",1
"84","Caribe","Bolivar","FABACEAE","Coursetia","ferruginea","Courferr","High",43
"85","ValleMagdalena","Huila","RUBIACEAE","Coutarea","hexandra","Couthexa","High",10
"86","ValleMagdalena","TolimaS","RUBIACEAE","Coutarea","hexandra","Couthexa","High",49
"87","ValleCauca","Valle del Cauca","ASTERACEAE","Critonia","morifolia","Critmori","High",48
"88","ValleMagdalena","TolimaS","EUPHORBIACEAE","Croton","schiedeanus","Crotschi","High",5
"89","ValleCauca","Valle del Cauca","EUPHORBIACEAE","Croton","sp2","Crotsp2","High",8
"90","Caribe","Bolivar","SAPINDACEAE","Cupania","americana","Cupaamer","High",6
"91","Caribe","Guajira","SAPINDACEAE","Cupania","americana","Cupaamer","High",66
"92","ValleMagdalena","Huila","SAPINDACEAE","Cupania","cinerea","Cupacine","High",5
"93","Caribe","Bolivar","SAPINDACEAE","Cupania","sp1","Cupasp1","High",11
"94","ValleMagdalena","Huila","DILLENIACEAE","Curatella","americana","Curaamer","High",5
"95","ValleCauca","Valle del Cauca","CAPPARACEAE","Cynophalla","amplissima","Cynoampl","High",6
"96","ValleMagdalena","Huila","CAPPARACEAE","Cynophalla","polyantha","Cynopoly","High",8
"97","ValleCauca","Valle del Cauca","CAPPARACEAE","Cynophalla","polyantha","Cynopoly","High",1
"98","Caribe","Guajira","ARALIACEAE","Dendropanax","arboreus","Dendarbo","High",3
"99","Caribe","Bolivar","RUBIACEAE","Dioicodendron","dioicum","Dioidioi","High",9
"100","ValleMagdalena","TolimaS","FABACEAE","Enterolobium","schomburgkii","Entescho","High",1
"101","Caribe","Guajira","FABACEAE","Enterolobium","sp2","Entesp2","High",5
"102","ValleMagdalena","TolimaS","FABACEAE","Erythrina","fusca","Erytfusc","High",2
"103","ValleMagdalena","Huila","ERYTHROXYLACEAE","Erythroxylum","macrophyllum","Erytmacr","High",2
"104","ValleMagdalena","Huila","RUTACEAE","Esenbeckia","alata","Esenalat","High",9
"105","ValleMagdalena","Huila","MYRTACEAE","Eugenia","florida","Eugeflor","High",7
"106","ValleMagdalena","TolimaS","MYRTACEAE","Eugenia","florida","Eugeflor","High",5
"107","Caribe","Bolivar","MYRTACEAE","Eugenia","procera","Eugeproc","High",2
"108","ValleMagdalena","Huila","MYRTACEAE","Eugenia","procera","Eugeproc","High",7
"109","ValleMagdalena","TolimaS","MYRTACEAE","Eugenia","procera","Eugeproc","High",277
"110","ValleCauca","Valle del Cauca","MYRTACEAE","Eugenia","procera","Eugeproc","High",492
"111","Caribe","Bolivar","MYRTACEAE","Eugenia","sp2","Eugesp2","High",1
"112","ValleCauca","Valle del Cauca","EUPHORBIACEAE","Euphorbia","cotinifolia","Euphcoti","High",9
"113","Caribe","Bolivar","FABACEAE","Fabaceae","sp1","Fabasp1","High",2
"114","ValleCauca","Valle del Cauca","FABACEAE","Fabaceae","sp3","Fabasp3","High",2
"115","ValleMagdalena","Huila","MORACEAE","Ficus","insipida","Ficuinsi","High",2
"116","ValleCauca","Valle del Cauca","MORACEAE","Ficus","insipida","Ficuinsi","High",1
"117","ValleCauca","Valle del Cauca","MORACEAE","Ficus","obtusifolia","Ficuobtu","High",2
"118","ValleCauca","Valle del Cauca","MORACEAE","Ficus","sp2","Ficusp2","High",5
"119","ValleMagdalena","Huila","MORACEAE","Ficus","sp5","Ficusp5","High",1
"120","ValleMagdalena","Huila","MORACEAE","Ficus","sp7","Ficusp7","High",2
"121","ValleMagdalena","Huila","MORACEAE","Ficus","sp8","Ficusp8","High",2
"122","ValleMagdalena","Huila","BIGNONIACEAE","Fridericia","pubescens","Fridpube","High",1
"123","Caribe","Bolivar","RUTACEAE","Galipea","sp","Galisp","High",2
"124","Caribe","Guajira","RUBIACEAE","Genipa","americana","Geniamer","High",4
"125","ValleMagdalena","Huila","RUBIACEAE","Genipa","americana","Geniamer","High",4
"126","ValleCauca","Valle del Cauca","RUBIACEAE","Genipa","americana","Geniamer","High",3
"127","Caribe","Bolivar","FABACEAE","Gliricidia","sepium","Glirsepi","High",17
"128","Caribe","Guajira","RHAMNACEAE","Gouania","polygama","Gouapoly","High",7
"129","ValleMagdalena","Huila","NYCTAGINACEAE","Guapira","costaricana","Guapcost","High",26
"130","ValleCauca","Valle del Cauca","NYCTAGINACEAE","Guapira","costaricana","Guapcost","High",78
"131","Caribe","Bolivar","NYCTAGINACEAE","Guapira","sp2","Guapsp2","High",4
"132","Caribe","Guajira","MELIACEAE","Guarea","guidonia","Guarguid","High",23
"133","Caribe","Bolivar","MALVACEAE","Guazuma","ulmifolia","Guazulmi","High",159
"134","Caribe","Guajira","MALVACEAE","Guazuma","ulmifolia","Guazulmi","High",41
"135","ValleMagdalena","Huila","MALVACEAE","Guazuma","ulmifolia","Guazulmi","High",23
"136","ValleMagdalena","TolimaS","MALVACEAE","Guazuma","ulmifolia","Guazulmi","High",69
"137","ValleCauca","Valle del Cauca","MALVACEAE","Guazuma","ulmifolia","Guazulmi","High",276
"138","Caribe","Bolivar","RUBIACEAE","Guettarda","malacophylla","Guetmala","High",1
"139","ValleMagdalena","TolimaS","RUBIACEAE","Guettarda","rusbyi","Guetrusb","High",7
"140","Caribe","Bolivar","LECYTHIDACEAE","Gustavia","superba","Gustsupe","High",31
"141","ValleCauca","Valle del Cauca","RUBIACEAE","Hamelia","patens","Hamepate","High",20
"142","ValleMagdalena","TolimaS","BIGNONIACEAE","Handroanthus","chrysanthus","Handchry","High",5
"143","ValleMagdalena","Huila","BIGNONIACEAE","Handroanthus","ochraceus","Handochr","High",14
"144","Caribe","Guajira","BIGNONIACEAE","Handroanthus","sp","Handsp","High",2
"145","ValleMagdalena","Huila","CHRYSOBALANACEAE","Hirtella","americana","Hirtamer","High",49
"146","Caribe","Guajira","CHRYSOBALANACEAE","Hirtella","triandra","Hirttria","High",7
"147","Caribe","Bolivar","EUPHORBIACEAE","Hura","crepitans","Huracrep","High",1
"148","Caribe","Bolivar","VIOLACEAE","Hybanthus","prunifolius","Hybaprun","High",2
"149","Caribe","Guajira","VIOLACEAE","Hybanthus","prunifolius","Hybaprun","High",1
"150","Caribe","Guajira","FABACEAE","Inga","sp1","Ingasp1","High",8
"151","ValleCauca","Valle del Cauca","FABACEAE","Inga","sp10","Ingasp10","High",31
"152","ValleCauca","Valle del Cauca","FABACEAE","Inga","sp11","Ingasp11","High",20
"153","Caribe","Guajira","FABACEAE","Inga","sp2","Ingasp2","High",1
"154","Caribe","Guajira","FABACEAE","Inga","sp3","Ingasp3","High",28
"155","Caribe","Bolivar","FABACEAE","Inga","sp4","Ingasp4","High",2
"156","ValleMagdalena","Huila","FABACEAE","Inga","sp9","Ingasp9","High",2
"157","Caribe","Guajira","RUBIACEAE","Isertia","haenkeana","Iserhaen","High",9
"158","ValleMagdalena","Huila","RUBIACEAE","Ixora","finlaysoniana","Ixorfinl","High",2
"159","ValleMagdalena","TolimaS","BIGNONIACEAE","Jacaranda","caucana","Jacacauc","High",9
"160","Caribe","Guajira","LACISTEMATACEAE","Lacistema","aggregatum","Laciaggr","High",1
"161","ValleMagdalena","Huila","LACISTEMATACEAE","Lacistema","aggregatum","Laciaggr","High",1
"162","ValleCauca","Valle del Cauca","VERBENACEAE","Lantana","camara","Lantcama","High",2
"163","ValleMagdalena","Huila","LAURACEAE","Lauraceae","sp7","Laursp7","High",45
"164","ValleCauca","Valle del Cauca","LAURACEAE","Lauraceae","sp8","Laursp8","High",1
"165","Caribe","Bolivar","LECYTHIDACEAE","Lecythis","minor","Lecymino","High",1
"166","Caribe","Guajira","MALVACEAE","Luehea","speciosa","Luehspec","High",16
"167","ValleCauca","Valle del Cauca","ASTERACEAE","Lycoseris","mexicana","Lycomexi","High",3
"168","ValleMagdalena","Huila","EUPHORBIACEAE","Mabea","montana","Mabemont","High",3
"169","ValleMagdalena","Huila","FABACEAE","Machaerium","capote","Machcapo","High",172
"170","ValleMagdalena","TolimaS","FABACEAE","Machaerium","capote","Machcapo","High",10
"171","Caribe","Bolivar","FABACEAE","Machaerium","sp10","Machsp10","High",1
"172","ValleCauca","Valle del Cauca","FABACEAE","Machaerium","sp14","Machsp14","High",1
"173","Caribe","Bolivar","FABACEAE","Machaerium","sp2","Machsp2","High",2
"174","Caribe","Guajira","FABACEAE","Machaerium","sp2","Machsp2","High",2
"175","Caribe","Bolivar","FABACEAE","Machaerium","sp4","Machsp4","High",12
"176","Caribe","Guajira","FABACEAE","Machaerium","sp6","Machsp6","High",3
"177","Caribe","Bolivar","MORACEAE","Maclura","tinctoria","Macltinc","High",2
"178","ValleMagdalena","TolimaS","MORACEAE","Maclura","tinctoria","Macltinc","High",6
"179","Caribe","Guajira","MALPIGHIACEAE","Malpighiaceae","sp3","Malpsp3","High",1
"180","ValleCauca","Valle del Cauca","MALPIGHIACEAE","Malpighiaceae","sp6","Malpsp6","High",1
"181","ValleCauca","Valle del Cauca","MALPIGHIACEAE","Malpighiaceae","sp7","Malpsp7","High",91
"182","Caribe","Guajira","ANACARDIACEAE","Mangifera","indica","Mangindi","High",4
"183","ValleMagdalena","Huila","EUPHORBIACEAE","Maprounea","guianensis","Maprguia","High",1
"184","Caribe","Bolivar","SAPINDACEAE","Melicoccus","oliviformis","Melioliv","High",1
"185","Caribe","Bolivar","FABACEAE","Mimosoideae","sp2","Mimosp2","High",1
"186","ValleCauca","Valle del Cauca","RUTACEAE","Murraya","paniculata","Murrpani","High",150
"187","ValleMagdalena","Huila","MYRTACEAE","Myrcia","splendens","Myrcsple","High",13
"188","ValleCauca","Valle del Cauca","MYRTACEAE","Myrcia","splendens","Myrcsple","High",186
"189","Caribe","Guajira","URTICACEAE","Myriocarpa","longipes","Myrilong","High",1
"190","Caribe","Bolivar","FABACEAE","Myrospermum","frutescens","Myrofrut","High",1
"191","ValleCauca","Valle del Cauca","PRIMULACEAE","Myrsine","latifolia","Myrslati","High",29
"192","ValleCauca","Valle del Cauca","LAURACEAE","Nectandra","lineatifolia","Nectline","High",2
"193","Caribe","Guajira","LAURACEAE","Nectandra","turbacensis","Nectturb","High",13
"194","ValleMagdalena","TolimaS","NYCTAGINACEAE","Neea","spruceana","Neeaspru","High",1
"195","Caribe","Bolivar","NYCTAGINACEAE","Neea","virens","Neeavire","High",1
"196","Caribe","Guajira","NYCTAGINACEAE","Neea","virens","Neeavire","High",1
"197","Caribe","Bolivar","NYCTAGINACEAE","Nyctaginaceae","sp1","Nyctsp1","High",4
"198","Caribe","Bolivar","NYCTAGINACEAE","Nyctaginaceae","sp2","Nyctsp2","High",1
"199","ValleMagdalena","Huila","NYCTAGINACEAE","Nyctaginaceae","sp3","Nyctsp3","High",14
"200","Caribe","Guajira","MALVACEAE","Ochroma","pyramidale","Ochrpyra","High",2
"201","ValleCauca","Valle del Cauca","ARECACEAE","Oenocarpus","sp","Oenosp","High",1
"202","ValleCauca","Valle del Cauca","ARALIACEAE","Oreopanax","acerifolius","Oreoacer","High",3
"203","Caribe","Guajira","CHRYSOBALANACEAE","Parinari","pachyphylla","Paripach","High",5
"204","Caribe","Guajira","PERACEAE","Pera","arborea","Peraarbo","High",1
"205","ValleCauca","Valle del Cauca","MORACEAE","Perebea","angustifolia","Pereangu","High",37
"206","ValleCauca","Valle del Cauca","LAURACEAE","Persea","americana","Persamer","High",1
"207","ValleMagdalena","Huila","VERBENACEAE","Petrea","pubescens","Petrpube","High",31
"208","Caribe","Guajira","PHYLLANTHACEAE","Phyllanthus","acuminatus","Phylacum","High",1
"209","ValleCauca","Valle del Cauca","PIPERACEAE","Piper","auritum","Pipeauri","High",10
"210","Caribe","Guajira","PIPERACEAE","Piper","reticulatum","Pipereti","High",28
"211","ValleCauca","Valle del Cauca","PIPERACEAE","Piper","reticulatum","Pipereti","High",38
"212","Caribe","Guajira","PIPERACEAE","Piper","sp3","Pipesp3","High",3
"213","ValleCauca","Valle del Cauca","PIPERACEAE","Piper","sp4","Pipesp4","High",5
"214","ValleCauca","Valle del Cauca","PIPERACEAE","Piper","sp5","Pipesp5","High",29
"215","Caribe","Bolivar","FABACEAE","Piptadenia","flava","Piptflav","High",4
"216","Caribe","Bolivar","NYCTAGINACEAE","Pisonia","aculeata","Pisoacul","High",9
"217","ValleCauca","Valle del Cauca","NYCTAGINACEAE","Pisonia","aculeata","Pisoacul","High",7
"218","ValleMagdalena","TolimaS","FABACEAE","Pithecellobium","dulce","Pithdulc","High",16
"219","ValleCauca","Valle del Cauca","FABACEAE","Pithecellobium","dulce","Pithdulc","High",43
"220","Caribe","Guajira","RUBIACEAE","Pittoniotis","trichantha","Pitttric","High",12
"221","Caribe","Bolivar","FABACEAE","Platymiscium","hebestachyum","Plathebe","High",5
"222","Caribe","Guajira","FABACEAE","Platymiscium","hebestachyum","Plathebe","High",1
"223","ValleMagdalena","Huila","SAPOTACEAE","Pouteria","caimito","Poutcaim","High",14
"224","Caribe","Guajira","SAPOTACEAE","Pouteria","sp2","Poutsp2","High",2
"225","Caribe","Guajira","BURSERACEAE","Protium","tenuifolium","Prottenu","High",4
"226","ValleMagdalena","Huila","FABACEAE","Pseudosamanea","guachapele","Pseuguac","High",2
"227","Caribe","Bolivar","MALVACEAE","Pseudobombax","septenatum","Pseusept","High",1
"228","ValleMagdalena","Huila","MALVACEAE","Pseudobombax","septenatum","Pseusept","High",1
"229","ValleMagdalena","TolimaS","MALVACEAE","Pseudobombax","septenatum","Pseusept","High",1
"230","Caribe","Bolivar","FABACEAE","Pterocarpus","officinalis","Pteroffi","High",45
"231","Caribe","Bolivar","FABACEAE","Pterocarpus","rohrii","Pterrohr","High",4
"232","Caribe","Bolivar","FABACEAE","Pterocarpus","sp1","Ptersp1","High",1
"233","ValleCauca","Valle del Cauca","FABACEAE","Pterocarpus","sp4","Ptersp4","High",3
"234","Caribe","Bolivar","RUBIACEAE","Randia","armata","Randarma","High",1
"235","ValleMagdalena","TolimaS","RUBIACEAE","Randia","armata","Randarma","High",2
"236","ValleMagdalena","TolimaS","RUBIACEAE","Randia","sp3","Randsp3","High",4
"237","ValleMagdalena","TolimaS","RUBIACEAE","Randia","sp4","Randsp4","High",3
"238","Caribe","Bolivar","VIOLACEAE","Rinorea","sp","Rinosp","High",1
"239","ValleCauca","Valle del Cauca","ADOXACEAE","Sambucus","nigra","Sambnigr","High",7
"240","ValleMagdalena","TolimaS","SAPINDACEAE","Sapindus","saponaria","Sapisapo","High",1
"241","ValleCauca","Valle del Cauca","SAPINDACEAE","Sapindus","saponaria","Sapisapo","High",23
"242","Caribe","Guajira","ARALIACEAE","Schefflera","morototoni","Schemoro","High",1
"243","Caribe","Bolivar","FABACEAE","Schizolobium","parahyba","Schipara","High",1
"244","ValleMagdalena","Huila","POLYGALACEAE","Securidaca","coriacea","Secucori","High",1
"245","Caribe","Bolivar","FABACEAE","Senegalia","riparia","Seneripa","High",2
"246","Caribe","Bolivar","FABACEAE","Senegalia","tamarindifolia","Senetama","High",1
"247","ValleCauca","Valle del Cauca","FABACEAE","Senna","dariensis","Senndari","High",2
"248","Caribe","Bolivar","FABACEAE","Senna","sp1","Sennsp1","High",1
"249","Caribe","Guajira","FABACEAE","Senna","sp1","Sennsp1","High",6
"250","Caribe","Bolivar","FABACEAE","Senna","sp3","Sennsp3","High",3
"251","Caribe","Guajira","SOLANACEAE","Solanum","sp1","Solasp1","High",2
"252","Caribe","Guajira","MORACEAE","Sorocea","sp","Sorosp","High",8
"253","Caribe","Bolivar","MORACEAE","Sorocea","sprucei","Sorospru","High",3
"254","ValleMagdalena","Huila","MORACEAE","Sorocea","sprucei","Sorospru","High",11
"255","ValleCauca","Valle del Cauca","MORACEAE","Sorocea","sprucei","Sorospru","High",82
"256","Caribe","Guajira","ANACARDIACEAE","Spondias","mombin","Sponmomb","High",21
"257","ValleMagdalena","Huila","ANACARDIACEAE","Spondias","mombin","Sponmomb","High",11
"258","Caribe","Bolivar","ANACARDIACEAE","Spondias","sp","Sponsp","High",3
"259","ValleMagdalena","Huila","ANACARDIACEAE","Spondias","sp","Sponsp","High",2
"260","ValleCauca","Valle del Cauca","ASTERACEAE","Steiractinia","glandulosa","Steiglan","High",1
"261","Caribe","Bolivar","APOCYNACEAE","Stemmadenia","grandiflora","Stemgran","High",4
"262","Caribe","Guajira","APOCYNACEAE","Stemmadenia","grandiflora","Stemgran","High",4
"263","Caribe","Bolivar","MALVACEAE","Sterculia","apetala","Sterapet","High",3
"264","ValleCauca","Valle del Cauca","MALVACEAE","Sterculia","sp","Stersp","High",1
"265","Caribe","Bolivar","FABACEAE","Swartzia","sp2","Swarsp2","High",20
"266","ValleMagdalena","Huila","FABACEAE","Swartzia","sp4","Swarsp4","High",4
"267","Caribe","Bolivar","APOCYNACEAE","Tabernaemontana","sp","Tabesp","High",24
"268","ValleMagdalena","Huila","ANACARDIACEAE","Tapirira","guianensis","Tapiguia","High",7
"269","Caribe","Guajira","BURSERACEAE","Tetragastris","mucronata","Tetrmucr","High",10
"270","Caribe","Guajira","MALVACEAE","Theobroma","cacao","Theocaca","High",4
"271","Caribe","Bolivar","APOCYNACEAE","Thevetia","ahouai","Thevahou","High",2
"272","ValleCauca","Valle del Cauca","ANACARDIACEAE","Toxicodendron","striatum","Toxistri","High",2
"273","ValleCauca","Valle del Cauca","MELIACEAE","Trichilia","elegans","Triceleg","High",195
"274","ValleCauca","Valle del Cauca","ACANTHACEAE","Trichanthera","gigantea","Tricgiga","High",61
"275","ValleMagdalena","TolimaS","MELIACEAE","Trichilia","martiana","Tricmart","High",1
"276","ValleCauca","Valle del Cauca","MELIACEAE","Trichilia","pallida","Tricpall","High",28
"277","Caribe","Bolivar","TRIGONIACEAE","Trigonia","sp","Trigsp","High",1
"278","Caribe","Bolivar","POLYGONACEAE","Triplaris","americana","Tripamer","High",1
"279","Caribe","Guajira","MORACEAE","Trophis","racemosa","Troprace","High",11
"280","ValleCauca","Valle del Cauca","FABACEAE","Vachellia","cf","Vachcf","High",13
"281","ValleCauca","Valle del Cauca","FABACEAE","Vachellia","farnesiana","Vachfarn","High",7
"282","Caribe","Bolivar","VERBENACEAE","Verbenaceae","sp","Verbsp","High",1
"283","ValleCauca","Valle del Cauca","ASTERACEAE","Vernonanthura","patens","Vernpate","High",5
"284","Caribe","Guajira","MYRISTICACEAE","Virola","sebifera","Virosebi","High",1
"285","ValleMagdalena","TolimaS","LAMIACEAE","Vitex","flavens","Viteflav","High",4
"286","ValleMagdalena","Huila","ANNONACEAE","Xylopia","aromatica","Xyloarom","High",27
"287","Caribe","Guajira","SALICACEAE","Xylosma","tessmannii","Xylotess","High",3
"288","ValleCauca","Valle del Cauca","RUTACEAE","Zanthoxylum","caribacum","Zantcari","High",8
"289","ValleCauca","Valle del Cauca","RUTACEAE","Zanthoxylum","fagara","Zantfaga","High",45
"290","ValleCauca","Valle del Cauca","RUTACEAE","Zanthoxylum","gentry","Zantgent","High",22
"291","ValleMagdalena","TolimaS","RUTACEAE","Zanthoxylum","quinduense","Zantquin","High",8
"292","Caribe","Guajira","RUTACEAE","Zanthoxylum","rhoifolium","Zantrhoi","High",3
"293","ValleMagdalena","Huila","RUTACEAE","Zanthoxylum","rhoifolium","Zantrhoi","High",3
"294","ValleCauca","Valle del Cauca","RUTACEAE","Zanthoxylum","rhoifolium","Zantrhoi","High",4
"295","ValleMagdalena","TolimaS","RUTACEAE","Zanthoxylum","rigidum","Zantrigi","High",16
"296","ValleCauca","Valle del Cauca","RUTACEAE","Zanthoxylum","schreberi","Zantschr","High",2
"297","ValleCauca","Valle del Cauca","RUTACEAE","Zanthoxylum","sp3","Zantsp3","High",1
"298","ValleCauca","Valle del Cauca","RUTACEAE","Zanthoxylum","verrucosum","Zantverr","High",86
"299","Caribe","Bolivar","","","","","Low",11
"300","Caribe","Guajira","","","","","Low",1
"301","ValleMagdalena","Huila","","","","","Low",2
"302","ValleMagdalena","TolimaS","","","","","Low",1
"303","Caribe","Bolivar","EUPHORBIACEAE","Acalypha","diversifolia","Acaldive","Low",11
"304","Caribe","Guajira","BIGNONIACEAE","Adenocalymma","aspericarpum","Adenaspe","Low",5
"305","Caribe","Guajira","LAMIACEAE","Aegiphila","laeta","Aegilaet","Low",1
"306","Caribe","Bolivar","FABACEAE","Albizia","niopoides","Albiniop","Low",2
"307","ValleMagdalena","Huila","FABACEAE","Albizia","sp","Albisp","Low",4
"308","ValleMagdalena","Huila","SAPINDACEAE","Allophylus","sp","Allosp","Low",1
"309","Caribe","Bolivar","ULMACEAE","Ampelocera","macphersonii","Ampemacp","Low",89
"310","ValleMagdalena","Huila","RUTACEAE","Amyris","pinnata","Amyrpinn","Low",4
"311","Caribe","Bolivar","ANACARDIACEAE","Anacardium","excelsum","Anacexce","Low",5
"312","Caribe","Guajira","ANACARDIACEAE","Anacardium","excelsum","Anacexce","Low",3
"313","ValleMagdalena","TolimaS","ANACARDIACEAE","Anacardium","excelsum","Anacexce","Low",2
"314","ValleMagdalena","TolimaS","ANNONACEAE","Annona","rensoniana","Annorens","Low",51
"315","ValleMagdalena","Huila","ANNONACEAE","Annona","rufinervis","Annorufi","Low",1
"316","ValleMagdalena","TolimaS","ANNONACEAE","Annona","sp","Annosp","Low",1
"317","Caribe","Guajira","PRIMULACEAE","Ardisia","bartlettii","Ardibart","Low",3
"318","Caribe","Bolivar","APOCYNACEAE","Aspidosperma","sp","Aspisp","Low",1
"319","Caribe","Bolivar","ASTERACEAE","Asteraceae","sp","Astesp","Low",5
"320","Caribe","Bolivar","ANACARDIACEAE","Astronium","graveolens","Astrgrav","Low",7
"321","Caribe","Guajira","ANACARDIACEAE","Astronium","graveolens","Astrgrav","Low",3
"322","ValleMagdalena","TolimaS","ANACARDIACEAE","Astronium","graveolens","Astrgrav","Low",8
"323","Caribe","Guajira","ARECACEAE","Attalea","butyracea","Attabuty","Low",2
"324","ValleMagdalena","Huila","ARECACEAE","Attalea","butyracea","Attabuty","Low",2
"325","Caribe","Bolivar","ARECACEAE","Bactris","sp","Bactsp","Low",26
"326","ValleMagdalena","Huila","SALICACEAE","Banara","ibaguensis","Banaibag","Low",8
"327","Caribe","Bolivar","MORACEAE","Brosimum","alicastrum","Brosalic","Low",9
"328","Caribe","Guajira","MORACEAE","Brosimum","alicastrum","Brosalic","Low",4
"329","Caribe","Bolivar","MORACEAE","Brosimum","sp2","Brossp2","Low",2
"330","Caribe","Bolivar","MORACEAE","Brosimum","sp3","Brossp3","Low",1
"331","ValleMagdalena","Huila","MALPIGHIACEAE","Bunchosia","pseudonitida","Buncpseu","Low",4
"332","ValleMagdalena","TolimaS","MALPIGHIACEAE","Bunchosia","sp","Buncsp","Low",4
"333","Caribe","Bolivar","MALPIGHIACEAE","Bunchosia","sp1","Buncsp1","Low",1
"334","Caribe","Bolivar","BURSERACEAE","Bursera","simaruba","Burssima","Low",2
"335","ValleMagdalena","TolimaS","BURSERACEAE","Bursera","tomentosa","Burstome","Low",2
"336","ValleMagdalena","TolimaS","MALPIGHIACEAE","Byrsonima","crassifolia","Byrscras","Low",29
"337","Caribe","Bolivar","FABACEAE","Calliandra","magdalenae","Callmagd","Low",3
"338","ValleMagdalena","TolimaS","CAPPARACEAE","Capparaceae","","Capp","Low",6
"339","Caribe","Bolivar","CAPPARACEAE","Capparidastrum","frondosum","Cappfron","Low",8
"340","Caribe","Bolivar","SALICACEAE","Casearia","corymbosa","Casecory","Low",2
"341","ValleMagdalena","Huila","SALICACEAE","Casearia","corymbosa","Casecory","Low",15
"342","ValleMagdalena","TolimaS","SALICACEAE","Casearia","corymbosa","Casecory","Low",4
"343","Caribe","Bolivar","SALICACEAE","Casearia","sp1","Casesp1","Low",11
"344","Caribe","Guajira","SALICACEAE","Casearia","sylvestris","Casesylv","Low",3
"345","ValleMagdalena","Huila","SALICACEAE","Casearia","sylvestris","Casesylv","Low",21
"346","Caribe","Bolivar","URTICACEAE","Cecropia","peltata","Cecrpelt","Low",4
"347","ValleMagdalena","TolimaS","URTICACEAE","Cecropia","peltata","Cecrpelt","Low",5
"348","Caribe","Bolivar","RUBIACEAE","Chomelia","microloba","Chommicr","Low",3
"349","ValleMagdalena","Huila","RUBIACEAE","Chomelia","spinosa","Chomspin","Low",15
"350","Caribe","Bolivar","SAPOTACEAE","Chrysophyllum","venezuelanense","Chryvene","Low",8
"351","Caribe","Guajira","MORACEAE","Clarisia","biflora","Clarbifl","Low",5
"352","ValleMagdalena","Huila","CLUSIACEAE","Clusia","sp1","Clussp1","Low",1
"353","Caribe","Guajira","POLYGONACEAE","Coccoloba","acuminata","Coccacum","Low",1
"354","Caribe","Bolivar","POLYGONACEAE","Coccoloba","obovata","Coccobov","Low",2
"355","Caribe","Bolivar","CONNARACEAE","Connarus","panamensis","Connpana","Low",1
"356","Caribe","Bolivar","CONNARACEAE","Connarus","sp","Connsp","Low",1
"357","Caribe","Bolivar","CORDIACEAE","Cordia","alliodora","Cordalli","Low",7
"358","Caribe","Bolivar","CORDIACEAE","Cordia","bicolor","Cordbico","Low",29
"359","Caribe","Guajira","CORDIACEAE","Cordia","bicolor","Cordbico","Low",3
"360","ValleMagdalena","TolimaS","CORDIACEAE","Cordia","sp5","Cordsp5","Low",4
"361","ValleMagdalena","TolimaS","CORDIACEAE","Cordia","sp6","Cordsp6","Low",1
"362","Caribe","Bolivar","RUBIACEAE","Coutarea","hexandra","Couthexa","Low",3
"363","ValleMagdalena","TolimaS","BIGNONIACEAE","Crescentia","cujete","Crescuje","Low",1
"364","ValleMagdalena","TolimaS","EUPHORBIACEAE","Croton","fragrans","Crotfrag","Low",1
"365","ValleMagdalena","TolimaS","EUPHORBIACEAE","Croton","gossypiifolius","Crotgoss","Low",1
"366","Caribe","Bolivar","ARECACEAE","Cryosophila","kalbreyeri","Cryokalb","Low",7
"367","Caribe","Bolivar","SAPINDACEAE","Cupania","americana","Cupaamer","Low",14
"368","Caribe","Guajira","SAPINDACEAE","Cupania","americana","Cupaamer","Low",1
"369","ValleMagdalena","Huila","SAPINDACEAE","Cupania","americana","Cupaamer","Low",13
"370","ValleMagdalena","TolimaS","SAPINDACEAE","Cupania","latifolia","Cupalati","Low",5
"371","ValleMagdalena","TolimaS","DILLENIACEAE","Curatella","americana","Curaamer","Low",22
"372","Caribe","Bolivar","CAPPARACEAE","Cynophalla","hastata","Cynohast","Low",2
"373","Caribe","Bolivar","ANACARDIACEAE","Cyrtocarpa","velutinifolia","Cyrtvelu","Low",2
"374","Caribe","Bolivar","ARALIACEAE","Dendropanax","arboreus","Dendarbo","Low",1
"375","Caribe","Guajira","ARALIACEAE","Dendropanax","arboreus","Dendarbo","Low",8
"376","ValleMagdalena","Huila","ARALIACEAE","Dendropanax","arboreus","Dendarbo","Low",1
"377","Caribe","Bolivar","SAPINDACEAE","Dilodendron","costaricense","Dilocost","Low",3
"378","ValleMagdalena","Huila","SAPINDACEAE","Dilodendron","costaricense","Dilocost","Low",1
"379","Caribe","Bolivar","RUBIACEAE","Dioicodendron","dioicum","Dioidioi","Low",3
"380","ValleMagdalena","TolimaS","FABACEAE","Enterolobium","schomburgkii","Entescho","Low",2
"381","ValleMagdalena","Huila","ERYTHROXYLACEAE","Erythroxylum","macrophyllum","Erytmacr","Low",5
"382","ValleMagdalena","Huila","MYRTACEAE","Eugenia","biflora","Eugebifl","Low",11
"383","ValleMagdalena","TolimaS","MYRTACEAE","Eugenia","biflora","Eugebifl","Low",2
"384","ValleMagdalena","TolimaS","MYRTACEAE","Eugenia","cf","Eugecf","Low",43
"385","ValleMagdalena","Huila","MYRTACEAE","Eugenia","flavescens","Eugeflav","Low",5
"386","ValleMagdalena","Huila","MYRTACEAE","Eugenia","florida","Eugeflor","Low",29
"387","ValleMagdalena","TolimaS","MYRTACEAE","Eugenia","florida","Eugeflor","Low",16
"388","ValleMagdalena","Huila","MYRTACEAE","Eugenia","procera","Eugeproc","Low",109
"389","ValleMagdalena","TolimaS","MYRTACEAE","Eugenia","procera","Eugeproc","Low",1
"390","Caribe","Guajira","MYRTACEAE","Eugenia","sp1","Eugesp1","Low",1
"391","Caribe","Bolivar","MYRTACEAE","Eugenia","sp2","Eugesp2","Low",9
"392","ValleMagdalena","TolimaS","MYRTACEAE","Eugenia","sp5","Eugesp5","Low",1
"393","ValleMagdalena","Huila","MYRTACEAE","Eugenia","venezuelencis","Eugevene","Low",6
"394","Caribe","Bolivar","FABACEAE","Fabaceae","sp1","Fabasp1","Low",3
"395","Caribe","Bolivar","MORACEAE","Ficus","insipida","Ficuinsi","Low",2
"396","Caribe","Guajira","MORACEAE","Ficus","insipida","Ficuinsi","Low",19
"397","ValleMagdalena","TolimaS","MORACEAE","Ficus","insipida","Ficuinsi","Low",3
"398","ValleMagdalena","TolimaS","MORACEAE","Ficus","sp1","Ficusp1","Low",6
"399","Caribe","Bolivar","MORACEAE","Ficus","sp2","Ficusp2","Low",18
"400","ValleMagdalena","TolimaS","MORACEAE","Ficus","sp2","Ficusp2","Low",5
"401","Caribe","Bolivar","MORACEAE","Ficus","sp4","Ficusp4","Low",2
"402","Caribe","Bolivar","CLUSIACEAE","Garcinia","benthamiana","Garcbent","Low",2
"403","Caribe","Guajira","EUPHORBIACEAE","Garcia","nutans","Garcnuta","Low",1
"404","ValleMagdalena","Huila","RUBIACEAE","Genipa","americana","Geniamer","Low",4
"405","ValleMagdalena","TolimaS","RUBIACEAE","Genipa","americana","Geniamer","Low",5
"406","Caribe","Guajira","MELIACEAE","Guarea","guidonia","Guarguid","Low",1
"407","Caribe","Bolivar","MALVACEAE","Guazuma","ulmifolia","Guazulmi","Low",45
"408","ValleMagdalena","Huila","MALVACEAE","Guazuma","ulmifolia","Guazulmi","Low",22
"409","ValleMagdalena","TolimaS","MALVACEAE","Guazuma","ulmifolia","Guazulmi","Low",13
"410","ValleMagdalena","TolimaS","RUBIACEAE","Guettarda","rusbyi","Guetrusb","Low",11
"411","Caribe","Bolivar","LECYTHIDACEAE","Gustavia","superba","Gustsupe","Low",8
"412","ValleMagdalena","TolimaS","BIGNONIACEAE","Handroanthus","chrysanthus","Handchry","Low",12
"413","ValleMagdalena","TolimaS","BIGNONIACEAE","Handroanthus","ochraceus","Handochr","Low",37
"414","Caribe","Bolivar","EUPHORBIACEAE","Hura","crepitans","Huracrep","Low",1
"415","Caribe","Bolivar","FABACEAE","Inga","sp2","Ingasp2","Low",1
"416","Caribe","Bolivar","FABACEAE","Inga","sp4","Ingasp4","Low",1
"417","Caribe","Guajira","RUBIACEAE","Ixora","floribunda","Ixorflor","Low",3
"418","ValleMagdalena","TolimaS","BIGNONIACEAE","Jacaranda","caucana","Jacacauc","Low",3
"419","Caribe","Bolivar","ACANTHACEAE","Justicia","bracteosa","Justbrac","Low",1
"420","Caribe","Guajira","LAURACEAE","Lauraceae","sp1","Laursp1","Low",8
"421","ValleMagdalena","Huila","LAURACEAE","Lauraceae","sp7","Laursp7","Low",60
"422","Caribe","Guajira","MALVACEAE","Luehea","speciosa","Luehspec","Low",5
"423","ValleMagdalena","TolimaS","EUPHORBIACEAE","Mabea","montana","Mabemont","Low",2
"424","Caribe","Bolivar","FABACEAE","Machaerium","capote","Machcapo","Low",3
"425","ValleMagdalena","Huila","FABACEAE","Machaerium","capote","Machcapo","Low",24
"426","ValleMagdalena","TolimaS","FABACEAE","Machaerium","capote","Machcapo","Low",104
"427","Caribe","Bolivar","FABACEAE","Machaerium","sp1","Machsp1","Low",3
"428","ValleMagdalena","Huila","FABACEAE","Machaerium","sp11","Machsp11","Low",2
"429","Caribe","Bolivar","FABACEAE","Machaerium","sp2","Machsp2","Low",1
"430","ValleMagdalena","Huila","MORACEAE","Maclura","tinctoria","Macltinc","Low",12
"431","Caribe","Bolivar","MALPIGHIACEAE","Malpighiaceae","sp1","Malpsp1","Low",1
"432","ValleMagdalena","Huila","MALPIGHIACEAE","Malpighiaceae","sp3","Malpsp3","Low",2
"433","Caribe","Bolivar","SAPOTACEAE","Manilkara","zapota","Manizapo","Low",1
"434","ValleMagdalena","TolimaS","SAPINDACEAE","Matayba","sp","Matasp","Low",1
"435","Caribe","Bolivar","ACHARIACEAE","Mayna","grandifolia","Mayngran","Low",1
"436","Caribe","Bolivar","CELASTRACEAE","Maytenus","longipes","Maytlong","Low",1
"437","Caribe","Bolivar","SAPINDACEAE","Melicoccus","oliviformis","Melioliv","Low",2
"438","Caribe","Guajira","MELASTOMATACEAE","Miconia","spicellata","Micospic","Low",1
"439","ValleMagdalena","Huila","MELASTOMATACEAE","Miconia","spicellata","Micospic","Low",1
"440","ValleMagdalena","TolimaS","MUNTINGIACEAE","Muntigia","calabura","Muntcala","Low",4
"441","ValleMagdalena","Huila","MYRTACEAE","Myrcia","sp","Myrcsp","Low",57
"442","Caribe","Bolivar","MYRTACEAE","Myrcia","splendens","Myrcsple","Low",51
"443","Caribe","Guajira","MYRTACEAE","Myrcia","splendens","Myrcsple","Low",1
"444","ValleMagdalena","Huila","MYRTACEAE","Myrcia","splendens","Myrcsple","Low",38
"445","ValleMagdalena","TolimaS","MYRTACEAE","Myrcia","splendens","Myrcsple","Low",142
"446","Caribe","Bolivar","URTICACEAE","Myriocarpa","longipes","Myrilong","Low",10
"447","Caribe","Guajira","URTICACEAE","Myriocarpa","longipes","Myrilong","Low",23
"448","ValleMagdalena","TolimaS","LAURACEAE","Nectandra","lineata","Nectline","Low",65
"449","Caribe","Guajira","LAURACEAE","Nectandra","turbacensis","Nectturb","Low",8
"450","Caribe","Bolivar","ANNONACEAE","Oxandra","sp","Oxansp","Low",4
"451","ValleMagdalena","Huila","MALVACEAE","Pachira","subandina","Pachsuba","Low",1
"452","Caribe","Guajira","PRIMULACEAE","Parathesis","sinuata","Parasinu","Low",2
"453","ValleMagdalena","Huila","VERBENACEAE","Petrea","pubescens","Petrpube","Low",8
"454","ValleMagdalena","TolimaS","VERBENACEAE","Petrea","pubescens","Petrpube","Low",51
"455","Caribe","Bolivar","PICRAMNIACEAE","Picramnia","latifolia","Picrlati","Low",2
"456","ValleMagdalena","Huila","PICRAMNIACEAE","Picramnia","latifolia","Picrlati","Low",16
"457","Caribe","Bolivar","PICRAMNIACEAE","Picramnia","sp","Picrsp","Low",2
"458","Caribe","Bolivar","PIPERACEAE","Piper","reticulatum","Pipereti","Low",22
"459","Caribe","Guajira","PIPERACEAE","Piper","reticulatum","Pipereti","Low",55
"460","Caribe","Bolivar","FABACEAE","Piptadenia","flava","Piptflav","Low",3
"461","Caribe","Bolivar","FABACEAE","Pithecellobium","unguis-cati","Pithungu","Low",2
"462","Caribe","Bolivar","RUBIACEAE","Pittoniotis","trichantha","Pitttric","Low",3
"463","Caribe","Bolivar","FABACEAE","Platymiscium","hebestachyum","Plathebe","Low",1
"464","Caribe","Guajira","SAPOTACEAE","Pouteria","sp1","Poutsp1","Low",5
"465","Caribe","Bolivar","SAPOTACEAE","Pouteria","sp3","Poutsp3","Low",4
"466","Caribe","Bolivar","BURSERACEAE","Protium","tenuifolium","Prottenu","Low",21
"467","Caribe","Guajira","BURSERACEAE","Protium","tenuifolium","Prottenu","Low",66
"468","Caribe","Bolivar","FABACEAE","Pseudosamanea","guachapele","Pseuguac","Low",1
"469","ValleMagdalena","Huila","FABACEAE","Pseudosamanea","guachapele","Pseuguac","Low",1
"470","ValleMagdalena","TolimaS","FABACEAE","Pseudosamanea","guachapele","Pseuguac","Low",12
"471","ValleMagdalena","Huila","MALVACEAE","Pseudobombax","septenatum","Pseusept","Low",1
"472","ValleMagdalena","Huila","MYRTACEAE","Psidium","guineense","Psidguin","Low",2
"473","ValleMagdalena","TolimaS","MYRTACEAE","Psidium","guineense","Psidguin","Low",4
"474","ValleMagdalena","TolimaS","RUBIACEAE","Psychotria","sp","Psycsp","Low",10
"475","Caribe","Bolivar","FABACEAE","Pterocarpus","acapulcensis","Pteracap","Low",1
"476","Caribe","Bolivar","MALVACEAE","Pterygota","colombiana","Ptercolo","Low",1
"477","Caribe","Guajira","MALVACEAE","Pterygota","colombiana","Ptercolo","Low",4
"478","Caribe","Guajira","FABACEAE","Pterocarpus","sp2","Ptersp2","Low",1
"479","Caribe","Bolivar","FABACEAE","Pterocarpus","sp3","Ptersp3","Low",1
"480","Caribe","Bolivar","CONNARACEAE","Rourea","glabra","Rourglab","Low",3
"481","Caribe","Bolivar","RUBIACEAE","Rudgea","affcornifolia","Rudgaffc","Low",1
"482","Caribe","Guajira","RUBIACEAE","Rudgea","sp","Rudgsp","Low",1
"483","Caribe","Guajira","ARECACEAE","Sabal","mauritiiformis","Sabamaur","Low",2
"484","ValleMagdalena","Huila","SAPINDACEAE","Sapindus","saponaria","Sapisapo","Low",11
"485","Caribe","Bolivar","SAPINDACEAE","Sapindaceae","sp1","Sapisp1","Low",1
"486","Caribe","Bolivar","SAPOTACEAE","Sapotaceae","sp","Saposp","Low",1
"487","Caribe","Bolivar","FABACEAE","Schizolobium","parahyba","Schipara","Low",2
"488","Caribe","Bolivar","FABACEAE","Senna","sp2","Sennsp2","Low",2
"489","Caribe","Bolivar","RUBIACEAE","Simira","cordifolia","Simicord","Low",1
"490","Caribe","Guajira","MORACEAE","Sorocea","sp","Sorosp","Low",3
"491","Caribe","Bolivar","MORACEAE","Sorocea","sprucei","Sorospru","Low",1
"492","Caribe","Guajira","ANACARDIACEAE","Spondias","mombin","Sponmomb","Low",6
"493","ValleMagdalena","TolimaS","ANACARDIACEAE","Spondias","mombin","Sponmomb","Low",7
"494","Caribe","Bolivar","ANACARDIACEAE","Spondias","sp","Sponsp","Low",6
"495","ValleMagdalena","Huila","ANACARDIACEAE","Spondias","sp","Sponsp","Low",11
"496","Caribe","Bolivar","APOCYNACEAE","Stemmadenia","grandiflora","Stemgran","Low",4
"497","Caribe","Bolivar","MALVACEAE","Sterculia","apetala","Sterapet","Low",1
"498","Caribe","Bolivar","PRIMULACEAE","Stylogyne","micrantha","Stylmicr","Low",1
"499","ValleMagdalena","TolimaS","PRIMULACEAE","Stylogyne","turbacensis","Stylturb","Low",13
"500","ValleMagdalena","TolimaS","FABACEAE","Swartzia","robiniifolia","Swarrobi","Low",3
"501","Caribe","Bolivar","FABACEAE","Swartzia","simplex","Swarsimp","Low",2
"502","ValleMagdalena","Huila","FABACEAE","Swartzia","sp4","Swarsp4","Low",1
"503","Caribe","Bolivar","BURSERACEAE","Tetragastris","mucronata","Tetrmucr","Low",1
"504","Caribe","Guajira","BURSERACEAE","Tetragastris","mucronata","Tetrmucr","Low",134
"505","Caribe","Guajira","DILLENIACEAE","Tetracera","volubilis","Tetrvolu","Low",2
"506","Caribe","Guajira","APOCYNACEAE","Thevetia","ahouai","Thevahou","Low",1
"507","ValleMagdalena","Huila","MELIACEAE","Trichilia","martiana","Tricmart","Low",2
"508","Caribe","Bolivar","MELIACEAE","Trichilia","pallida","Tricpall","Low",1
"509","Caribe","Bolivar","POLYGONACEAE","Triplaris","sp1","Tripsp1","Low",1
"510","Caribe","Guajira","MORACEAE","Trophis","racemosa","Troprace","Low",38
"511","Caribe","Bolivar","ULMACEAE","Ulmaceae","sp","Ulmasp","Low",7
"512","Caribe","Bolivar","URTICACEAE","Urticaceae","sp","Urtisp","Low",2
"513","Caribe","Guajira","MYRISTICACEAE","Virola","sebifera","Virosebi","Low",2
"514","Caribe","Guajira","LAMIACEAE","Vitex","compressa","Vitecomp","Low",1
"515","ValleMagdalena","TolimaS","ANNONACEAE","Xylopia","aromatica","Xyloarom","Low",1
"516","ValleMagdalena","TolimaS","SALICACEAE","Xylosma","elegans","Xyloeleg","Low",6
"517","ValleMagdalena","Huila","SALICACEAE","Xylosma","sp3","Xylosp3","Low",1
"518","ValleMagdalena","Huila","RUTACEAE","Zanthoxylum","acuminatum","Zantacum","Low",2
"519","ValleMagdalena","Huila","RUTACEAE","Zanthoxylum","lenticulare","Zantlent","Low",1
"520","Caribe","Guajira","RUTACEAE","Zanthoxylum","rhoifolium","Zantrhoi","Low",2
"521","ValleMagdalena","TolimaS","RUTACEAE","Zanthoxylum","rigidum","Zantrigi","Low",3
"522","Caribe","Bolivar","RUTACEAE","Zanthoxylum","sp1","Zantsp1","Low",1
"523","ValleMagdalena","TolimaS","RUTACEAE","Zanthoxylum","sp2","Zantsp2","Low",2
"524","Caribe","Guajira","FABACEAE","Zygia","inaequalis","Zygiinae","Low",2
"525","Caribe","Bolivar","","","","","Medium",4
"526","Caribe","Cesar","","","","","Medium",59
"527","Caribe","Guajira","","","","","Medium",14
"528","ValleMagdalena","Huila","","","","","Medium",12
"529","ValleMagdalena","TolimaS","","","","","Medium",5
"530","Caribe","Cesar","MALVACEAE","Abutilon","giganteum","Abutgiga","Medium",1
"531","Caribe","Bolivar","EUPHORBIACEAE","Acalypha","diversifolia","Acaldive","Medium",5
"532","Caribe","Guajira","EUPHORBIACEAE","Acalypha","diversifolia","Acaldive","Medium",5
"533","Caribe","Cesar","EUPHORBIACEAE","Acalypha","macrostachya","Acalmacr","Medium",4
"534","ValleMagdalena","Huila","EUPHORBIACEAE","Acalypha","villosa","Acalvill","Medium",9
"535","Caribe","Guajira","BIGNONIACEAE","Adenocalymma","aspericarpum","Adenaspe","Medium",4
"536","Caribe","Bolivar","LAMIACEAE","Aegiphila","laeta","Aegilaet","Medium",1
"537","ValleMagdalena","TolimaS","LAMIACEAE","Aegiphila","laeta","Aegilaet","Medium",1
"538","Caribe","Bolivar","FABACEAE","Albizia","niopoides","Albiniop","Medium",10
"539","Caribe","Cesar","FABACEAE","Albizia","sp","Albisp","Medium",1
"540","Caribe","Bolivar","RUBIACEAE","Alibertia","edulis","Alibedul","Medium",1
"541","Caribe","Bolivar","SAPINDACEAE","Allophylus","racemosus","Allorace","Medium",4
"542","Caribe","Cesar","SAPINDACEAE","Allophylus","racemosus","Allorace","Medium",1
"543","Caribe","Bolivar","RUBIACEAE","Alseis","blackiana","Alseblac","Medium",4
"544","Caribe","Cesar","RUBIACEAE","Alseis","mutisii","Alsemuti","Medium",8
"545","Caribe","Bolivar","ULMACEAE","Ampelocera","macphersonii","Ampemacp","Medium",8
"546","ValleMagdalena","TolimaS","ULMACEAE","Ampelocera","sp","Ampesp","Medium",1
"547","ValleMagdalena","Huila","RUTACEAE","Amyris","pinnata","Amyrpinn","Medium",9
"548","Caribe","Bolivar","ANACARDIACEAE","Anacardium","excelsum","Anacexce","Medium",3
"549","Caribe","Cesar","ANACARDIACEAE","Anacardium","excelsum","Anacexce","Medium",9
"550","Caribe","Guajira","ANACARDIACEAE","Anacardium","excelsum","Anacexce","Medium",1
"551","ValleMagdalena","TolimaS","ANACARDIACEAE","Anacardium","excelsum","Anacexce","Medium",1
"552","Caribe","Cesar","FABACEAE","Andira","inermis","Andiiner","Medium",3
"553","Caribe","Guajira","ANNONACEAE","Annona","rensoniana","Annorens","Medium",1
"554","ValleMagdalena","TolimaS","ANNONACEAE","Annona","rensoniana","Annorens","Medium",6
"555","ValleMagdalena","Huila","ANNONACEAE","Annona","rufinervis","Annorufi","Medium",12
"556","Caribe","Bolivar","ANNONACEAE","Annona","sp","Annosp","Medium",8
"557","Caribe","Guajira","ANNONACEAE","Annonaceae","sp","Annosp","Medium",1
"558","Caribe","Cesar","ACANTHACEAE","Aphelandra","sp","Aphesp","Medium",1
"559","Caribe","Guajira","PRIMULACEAE","Ardisia","bartlettii","Ardibart","Medium",1
"560","Caribe","Bolivar","PRIMULACEAE","Ardisia","foetida","Ardifoet","Medium",1
"561","Caribe","Bolivar","APOCYNACEAE","Aspidosperma","cuspa","Aspicusp","Medium",1
"562","ValleMagdalena","Huila","APOCYNACEAE","Aspidosperma","cuspa","Aspicusp","Medium",1
"563","ValleMagdalena","TolimaS","APOCYNACEAE","Aspidosperma","cuspa","Aspicusp","Medium",3
"564","Caribe","Guajira","APOCYNACEAE","Aspidosperma","sp","Aspisp","Medium",1
"565","Caribe","Bolivar","ANACARDIACEAE","Astronium","graveolens","Astrgrav","Medium",6
"566","Caribe","Cesar","ANACARDIACEAE","Astronium","graveolens","Astrgrav","Medium",25
"567","Caribe","Guajira","ANACARDIACEAE","Astronium","graveolens","Astrgrav","Medium",4
"568","ValleMagdalena","Huila","ANACARDIACEAE","Astronium","graveolens","Astrgrav","Medium",4
"569","ValleMagdalena","TolimaS","ANACARDIACEAE","Astronium","graveolens","Astrgrav","Medium",21
"570","Caribe","Bolivar","ARECACEAE","Attalea","butyracea","Attabuty","Medium",3
"571","Caribe","Guajira","ARECACEAE","Attalea","butyracea","Attabuty","Medium",15
"572","ValleMagdalena","Huila","ARECACEAE","Attalea","butyracea","Attabuty","Medium",6
"573","Caribe","Bolivar","ARECACEAE","Bactris","sp","Bactsp","Medium",139
"574","Caribe","Cesar","ARECACEAE","Bactris","sp","Bactsp","Medium",1
"575","Caribe","Guajira","ARECACEAE","Bactris","sp","Bactsp","Medium",2
"576","ValleMagdalena","Huila","SALICACEAE","Banara","ibaguensis","Banaibag","Medium",28
"577","ValleMagdalena","TolimaS","SALICACEAE","Banara","ibaguensis","Banaibag","Medium",10
"578","Caribe","Cesar","BIGNONIACEAE","Bignonia","diversifolia","Bigndive","Medium",4
"579","Caribe","Cesar","BIGNONIACEAE","Bignoniaceae","sp2","Bignsp2","Medium",7
"580","Caribe","Cesar","BIGNONIACEAE","Bignonia","sp5","Bignsp5","Medium",1
"581","Caribe","Cesar","MORACEAE","Brosimum","alicastrum","Brosalic","Medium",2
"582","Caribe","Guajira","MORACEAE","Brosimum","alicastrum","Brosalic","Medium",1
"583","Caribe","Guajira","MORACEAE","Brosimum","sp1","Brossp1","Medium",6
"584","Caribe","Bolivar","MORACEAE","Brosimum","sp2","Brossp2","Medium",15
"585","ValleMagdalena","TolimaS","MORACEAE","Brosimum","sp4","Brossp4","Medium",1
"586","Caribe","Cesar","FABACEAE","Brownea","sp","Browsp","Medium",3
"587","Caribe","Cesar","BURSERACEAE","Bursera","simaruba","Burssima","Medium",2
"588","ValleMagdalena","Huila","BURSERACEAE","Bursera","tomentosa","Burstome","Medium",6
"589","Caribe","Cesar","FABACEAE","Caesalpinioideae","sp","Caessp","Medium",15
"590","Caribe","Cesar","FABACEAE","Calliandra","magdalenae","Callmagd","Medium",1
"591","ValleMagdalena","TolimaS","CAPPARACEAE","Capparaceae","","Capp","Medium",1
"592","Caribe","Bolivar","CAPPARACEAE","Capparidastrum","frondosum","Cappfron","Medium",22
"593","Caribe","Cesar","CAPPARACEAE","Capparidastrum","frondosum","Cappfron","Medium",1
"594","Caribe","Bolivar","SALICACEAE","Casearia","corymbosa","Casecory","Medium",1
"595","Caribe","Cesar","SALICACEAE","Casearia","corymbosa","Casecory","Medium",53
"596","ValleMagdalena","Huila","SALICACEAE","Casearia","corymbosa","Casecory","Medium",22
"597","ValleMagdalena","TolimaS","SALICACEAE","Casearia","corymbosa","Casecory","Medium",9
"598","Caribe","Cesar","SALICACEAE","Casearia","praecox","Caseprae","Medium",4
"599","Caribe","Bolivar","SALICACEAE","Casearia","sylvestris","Casesylv","Medium",2
"600","Caribe","Cesar","SALICACEAE","Casearia","sylvestris","Casesylv","Medium",11
"601","ValleMagdalena","Huila","SALICACEAE","Casearia","sylvestris","Casesylv","Medium",31
"602","Caribe","Cesar","FABACEAE","Cassia","grandis","Cassgran","Medium",1
"603","Caribe","Cesar","MALVACEAE","Cavanillesia","platanifolia","Cavaplat","Medium",6
"604","Caribe","Bolivar","URTICACEAE","Cecropia","peltata","Cecrpelt","Medium",4
"605","Caribe","Cesar","URTICACEAE","Cecropia","peltata","Cecrpelt","Medium",6
"606","ValleMagdalena","Huila","URTICACEAE","Cecropia","peltata","Cecrpelt","Medium",5
"607","ValleMagdalena","TolimaS","URTICACEAE","Cecropia","peltata","Cecrpelt","Medium",1
"608","Caribe","Guajira","URTICACEAE","Cecropia","sp","Cecrsp","Medium",2
"609","Caribe","Guajira","MALVACEAE","Ceiba","pentandra","Ceibpent","Medium",1
"610","Caribe","Cesar","FABACEAE","Centrolobium","paraense","Centpara","Medium",8
"611","ValleMagdalena","TolimaS","SOLANACEAE","Cestrum","alternifolium","Cestalte","Medium",1
"612","Caribe","Cesar","SOLANACEAE","Cestrum","schlechtendalii","Cestschl","Medium",1
"613","Caribe","Cesar","AMARANTHACEAE","Chamissoa","altissima","Chamalti","Medium",1
"614","Caribe","Cesar","OLEACEAE","Chionanthus","compactus","Chiocomp","Medium",3
"615","Caribe","Bolivar","RUBIACEAE","Chomelia","microloba","Chommicr","Medium",23
"616","Caribe","Cesar","RUBIACEAE","Chomelia","spinosa","Chomspin","Medium",4
"617","ValleMagdalena","Huila","RUBIACEAE","Chomelia","spinosa","Chomspin","Medium",27
"618","ValleMagdalena","TolimaS","RUBIACEAE","Chomelia","spinosa","Chomspin","Medium",3
"619","Caribe","Cesar","ASTERACEAE","Chromolaena","sp","Chrosp","Medium",2
"620","Caribe","Guajira","SAPOTACEAE","Chrysophyllum","sp","Chrysp","Medium",6
"621","Caribe","Cesar","LAURACEAE","Cinnamomum","triplinerve","Cinntrip","Medium",1
"622","ValleMagdalena","Huila","LAURACEAE","Cinnamomum","triplinerve","Cinntrip","Medium",45
"623","Caribe","Guajira","MORACEAE","Clarisia","biflora","Clarbifl","Medium",22
"624","ValleMagdalena","Huila","CLUSIACEAE","Clusia","sp2","Clussp2","Medium",7
"625","Caribe","Cesar","CLUSIACEAE","Clusia","uvitana","Clusuvit","Medium",1
"626","Caribe","Cesar","EUPHORBIACEAE","Cnidoscolus","sp","Cnidsp","Medium",1
"627","Caribe","Bolivar","POLYGONACEAE","Coccoloba","acuminata","Coccacum","Medium",2
"628","Caribe","Bolivar","POLYGONACEAE","Coccoloba","obovata","Coccobov","Medium",2
"629","ValleMagdalena","TolimaS","POLYGONACEAE","Coccoloba","obovata","Coccobov","Medium",33
"630","Caribe","Cesar","POLYGONACEAE","Coccoloba","padiformis","Coccpadi","Medium",13
"631","Caribe","Bolivar","BIXACEAE","Cochlospermum","vitifolium","Cochviti","Medium",6
"632","Caribe","Cesar","BIXACEAE","Cochlospermum","vitifolium","Cochviti","Medium",11
"633","Caribe","Guajira","BIXACEAE","Cochlospermum","vitifolium","Cochviti","Medium",1
"634","Caribe","Cesar","COMBRETACEAE","Combretum","fruticosum","Combfrut","Medium",5
"635","Caribe","Cesar","COMBRETACEAE","Combretum","sp1","Combsp1","Medium",3
"636","Caribe","Cesar","COMBRETACEAE","Combretum","sp2","Combsp2","Medium",1
"637","Caribe","Bolivar","COMBRETACEAE","Combretum","spinosum","Combspin","Medium",1
"638","Caribe","Guajira","CONNARACEAE","Connarus","panamensis","Connpana","Medium",5
"639","Caribe","Bolivar","CONNARACEAE","Connarus","sp","Connsp","Medium",6
"640","Caribe","Bolivar","CORDIACEAE","Cordia","alliodora","Cordalli","Medium",9
"641","Caribe","Cesar","CORDIACEAE","Cordia","alliodora","Cordalli","Medium",6
"642","ValleMagdalena","Huila","CORDIACEAE","Cordia","alliodora","Cordalli","Medium",1
"643","Caribe","Cesar","CORDIACEAE","Cordia","bicolor","Cordbico","Medium",2
"644","Caribe","Guajira","CORDIACEAE","Cordia","bicolor","Cordbico","Medium",1
"645","Caribe","Bolivar","CORDIACEAE","Cordia","sp2","Cordsp2","Medium",1
"646","Caribe","Cesar","CORDIACEAE","Cordia","sp4","Cordsp4","Medium",13
"647","Caribe","Cesar","FABACEAE","Coursetia","ferruginea","Courferr","Medium",1
"648","ValleMagdalena","Huila","RUBIACEAE","Coutarea","hexandra","Couthexa","Medium",10
"649","ValleMagdalena","TolimaS","RUBIACEAE","Coutarea","hexandra","Couthexa","Medium",3
"650","ValleMagdalena","TolimaS","EUPHORBIACEAE","Croton","fragrans","Crotfrag","Medium",4
"651","Caribe","Cesar","EUPHORBIACEAE","Croton","gossypiifolius","Crotgoss","Medium",3
"652","ValleMagdalena","Huila","EUPHORBIACEAE","Croton","hibiscifolius","Crothibi","Medium",1
"653","ValleMagdalena","TolimaS","EUPHORBIACEAE","Croton","hibiscifolius","Crothibi","Medium",2
"654","ValleMagdalena","TolimaS","EUPHORBIACEAE","Croton","schiedeanus","Crotschi","Medium",9
"655","Caribe","Cesar","EUPHORBIACEAE","Croton","sp1","Crotsp1","Medium",4
"656","Caribe","Bolivar","ARECACEAE","Cryosophila","kalbreyeri","Cryokalb","Medium",3
"657","Caribe","Bolivar","SAPINDACEAE","Cupania","americana","Cupaamer","Medium",20
"658","Caribe","Guajira","SAPINDACEAE","Cupania","americana","Cupaamer","Medium",8
"659","ValleMagdalena","Huila","SAPINDACEAE","Cupania","cinerea","Cupacine","Medium",4
"660","ValleMagdalena","TolimaS","SAPINDACEAE","Cupania","latifolia","Cupalati","Medium",3
"661","ValleMagdalena","Huila","SAPINDACEAE","Cupania","sp2","Cupasp2","Medium",7
"662","ValleMagdalena","TolimaS","DILLENIACEAE","Curatella","americana","Curaamer","Medium",3
"663","Caribe","Cesar","CAPPARACEAE","Cynophalla","polyantha","Cynopoly","Medium",1
"664","Caribe","Bolivar","ARALIACEAE","Dendropanax","arboreus","Dendarbo","Medium",2
"665","Caribe","Cesar","ARALIACEAE","Dendropanax","arboreus","Dendarbo","Medium",25
"666","Caribe","Guajira","ARALIACEAE","Dendropanax","arboreus","Dendarbo","Medium",13
"667","Caribe","Bolivar","SAPINDACEAE","Dilodendron","costaricense","Dilocost","Medium",2
"668","Caribe","Guajira","FABACEAE","Dioclea","sp","Diocsp","Medium",1
"669","Caribe","Bolivar","RUBIACEAE","Dioicodendron","dioicum","Dioidioi","Medium",1
"670","Caribe","Cesar","RUBIACEAE","Dioicodendron","dioicum","Dioidioi","Medium",9
"671","Caribe","Guajira","ANNONACEAE","Duguetia","sp","Dugusp","Medium",1
"672","ValleMagdalena","TolimaS","FABACEAE","Enterolobium","schomburgkii","Entescho","Medium",7
"673","Caribe","Cesar","FABACEAE","Enterolobium","sp1","Entesp1","Medium",1
"674","ValleMagdalena","Huila","ERYTHROXYLACEAE","Erythroxylum","macrophyllum","Erytmacr","Medium",9
"675","Caribe","Cesar","FABACEAE","Erythrina","sp1","Erytsp1","Medium",7
"676","Caribe","Cesar","FABACEAE","Erythrina","sp2","Erytsp2","Medium",4
"677","Caribe","Cesar","RUTACEAE","Esenbeckia","pentaphylla","Esenpent","Medium",1
"678","ValleMagdalena","Huila","MYRTACEAE","Eugenia","biflora","Eugebifl","Medium",7
"679","ValleMagdalena","TolimaS","MYRTACEAE","Eugenia","cf","Eugecf","Medium",33
"680","ValleMagdalena","Huila","MYRTACEAE","Eugenia","florida","Eugeflor","Medium",48
"681","ValleMagdalena","TolimaS","MYRTACEAE","Eugenia","florida","Eugeflor","Medium",4
"682","Caribe","Bolivar","MYRTACEAE","Eugenia","oerstediana","Eugeoers","Medium",1
"683","Caribe","Cesar","MYRTACEAE","Eugenia","oerstediana","Eugeoers","Medium",1
"684","Caribe","Guajira","MYRTACEAE","Eugenia","oerstediana","Eugeoers","Medium",1
"685","ValleMagdalena","Huila","MYRTACEAE","Eugenia","procera","Eugeproc","Medium",76
"686","ValleMagdalena","TolimaS","MYRTACEAE","Eugenia","procera","Eugeproc","Medium",34
"687","Caribe","Bolivar","MYRTACEAE","Eugenia","sp2","Eugesp2","Medium",9
"688","Caribe","Cesar","MYRTACEAE","Eugenia","sp3","Eugesp3","Medium",4
"689","ValleMagdalena","Huila","MYRTACEAE","Eugenia","sp4","Eugesp4","Medium",1
"690","ValleMagdalena","TolimaS","MYRTACEAE","Eugenia","sp6","Eugesp6","Medium",1
"691","ValleMagdalena","Huila","MYRTACEAE","Eugenia","venezuelencis","Eugevene","Medium",2
"692","ValleMagdalena","Huila","EUPHORBIACEAE","Euphorbia","cotinifolia","Euphcoti","Medium",9
"693","Caribe","Cesar","FABACEAE","Fabaceae","sp2","Fabasp2","Medium",6
"694","Caribe","Bolivar","RUBIACEAE","Faramea","occidentalis","Faraocci","Medium",1
"695","Caribe","Guajira","RUBIACEAE","Faramea","occidentalis","Faraocci","Medium",1
"696","Caribe","Cesar","MORACEAE","Ficus","benghalensis","Ficubeng","Medium",1
"697","Caribe","Cesar","MORACEAE","Ficus","insipida","Ficuinsi","Medium",7
"698","Caribe","Guajira","MORACEAE","Ficus","insipida","Ficuinsi","Medium",9
"699","Caribe","Cesar","MORACEAE","Ficus","sp1","Ficusp1","Medium",1
"700","Caribe","Bolivar","MORACEAE","Ficus","sp2","Ficusp2","Medium",8
"701","Caribe","Guajira","MORACEAE","Ficus","sp3","Ficusp3","Medium",1
"702","ValleMagdalena","Huila","MORACEAE","Ficus","sp6","Ficusp6","Medium",3
"703","Caribe","Guajira","RUBIACEAE","Genipa","americana","Geniamer","Medium",10
"704","ValleMagdalena","Huila","RUBIACEAE","Genipa","americana","Geniamer","Medium",3
"705","ValleMagdalena","TolimaS","RUBIACEAE","Genipa","americana","Geniamer","Medium",3
"706","Caribe","Cesar","FABACEAE","Gliricidia","sepium","Glirsepi","Medium",1
"707","Caribe","Cesar","NYCTAGINACEAE","Guapira","sp1","Guapsp1","Medium",2
"708","Caribe","Cesar","MELIACEAE","Guarea","guidonia","Guarguid","Medium",4
"709","Caribe","Guajira","MELIACEAE","Guarea","guidonia","Guarguid","Medium",17
"710","Caribe","Bolivar","MALVACEAE","Guazuma","ulmifolia","Guazulmi","Medium",73
"711","Caribe","Cesar","MALVACEAE","Guazuma","ulmifolia","Guazulmi","Medium",111
"712","ValleMagdalena","Huila","MALVACEAE","Guazuma","ulmifolia","Guazulmi","Medium",12
"713","ValleMagdalena","TolimaS","MALVACEAE","Guazuma","ulmifolia","Guazulmi","Medium",47
"714","Caribe","Bolivar","LECYTHIDACEAE","Gustavia","superba","Gustsupe","Medium",19
"715","Caribe","Cesar","HERNANDIACEAE","Gyrocarpus","americanus","Gyroamer","Medium",7
"716","Caribe","Cesar","RUBIACEAE","Hamelia","sp","Hamesp","Medium",5
"717","Caribe","Cesar","BIGNONIACEAE","Handroanthus","chrysanthus","Handchry","Medium",27
"718","ValleMagdalena","Huila","BIGNONIACEAE","Handroanthus","chrysanthus","Handchry","Medium",1
"719","ValleMagdalena","TolimaS","BIGNONIACEAE","Handroanthus","chrysanthus","Handchry","Medium",7
"720","ValleMagdalena","Huila","BIGNONIACEAE","Handroanthus","ochraceus","Handochr","Medium",3
"721","ValleMagdalena","TolimaS","BIGNONIACEAE","Handroanthus","sp","Handsp","Medium",1
"722","ValleMagdalena","Huila","MORACEAE","Helianthostylis","sprucei","Helispru","Medium",2
"723","Caribe","Guajira","MELASTOMATACEAE","Henriettea","fascicularis","Henrfasc","Medium",1
"724","Caribe","Cesar","MELASTOMATACEAE","Henriettea","seemannii","Henrseem","Medium",1
"725","Caribe","Bolivar","CHRYSOBALANACEAE","Hirtella","americana","Hirtamer","Medium",3
"726","ValleMagdalena","Huila","CHRYSOBALANACEAE","Hirtella","americana","Hirtamer","Medium",7
"727","Caribe","Cesar","SALICACEAE","Homalium","racemosum","Homarace","Medium",3
"728","Caribe","Cesar","EUPHORBIACEAE","Hura","crepitans","Huracrep","Medium",5
"729","Caribe","Bolivar","VIOLACEAE","Hybanthus","prunifolius","Hybaprun","Medium",2
"730","Caribe","Cesar","VIOLACEAE","Hybanthus","prunifolius","Hybaprun","Medium",3
"731","Caribe","Guajira","VIOLACEAE","Hybanthus","prunifolius","Hybaprun","Medium",7
"732","Caribe","Cesar","INDET10","INDET10","","INDE","Medium",1
"733","Caribe","Cesar","INDET13","INDET13","","INDE","Medium",1
"734","Caribe","Bolivar","INDET3","INDET3","","INDE","Medium",1
"735","Caribe","Cesar","INDET6","INDET6","","INDE","Medium",2
"736","Caribe","Cesar","INDET7","INDET7","","INDE","Medium",2
"737","Caribe","Cesar","INDET8","INDET8","","INDE","Medium",1
"738","Caribe","Cesar","INDET9","INDET9","","INDE","Medium",1
"739","Caribe","Bolivar","FABACEAE","Inga","sp1","Ingasp1","Medium",1
"740","Caribe","Guajira","FABACEAE","Inga","sp1","Ingasp1","Medium",30
"741","Caribe","Guajira","FABACEAE","Inga","sp2","Ingasp2","Medium",2
"742","Caribe","Bolivar","FABACEAE","Inga","sp3","Ingasp3","Medium",1
"743","Caribe","Bolivar","FABACEAE","Inga","sp5","Ingasp5","Medium",1
"744","Caribe","Cesar","FABACEAE","Inga","sp6","Ingasp6","Medium",5
"745","Caribe","Cesar","FABACEAE","Inga","sp7","Ingasp7","Medium",3
"746","ValleMagdalena","Huila","FABACEAE","Inga","sp8","Ingasp8","Medium",1
"747","ValleMagdalena","TolimaS","RUBIACEAE","Ixora","finlaysoniana","Ixorfinl","Medium",1
"748","Caribe","Cesar","BIGNONIACEAE","Jacaranda","sp","Jacasp","Medium",1
"749","Caribe","Guajira","LACISTEMATACEAE","Lacistema","aggregatum","Laciaggr","Medium",1
"750","ValleMagdalena","Huila","LACISTEMATACEAE","Lacistema","aggregatum","Laciaggr","Medium",10
"751","ValleMagdalena","TolimaS","LACISTEMATACEAE","Lacistema","aggregatum","Laciaggr","Medium",5
"752","Caribe","Guajira","LAURACEAE","Lauraceae","sp2","Laursp2","Medium",4
"753","Caribe","Guajira","LAURACEAE","Lauraceae","sp3","Laursp3","Medium",9
"754","Caribe","Guajira","LAURACEAE","Lauraceae","sp4","Laursp4","Medium",4
"755","ValleMagdalena","Huila","LAURACEAE","Lauraceae","sp5","Laursp5","Medium",18
"756","ValleMagdalena","Huila","LAURACEAE","Lauraceae","sp6","Laursp6","Medium",20
"757","ValleMagdalena","Huila","LAURACEAE","Lauraceae","sp7","Laursp7","Medium",1
"758","Caribe","Guajira","LECYTHIDACEAE","Lecythis","minor","Lecymino","Medium",2
"759","Caribe","Cesar","VIOLACEAE","Leonia","sp","Leonsp","Medium",1
"760","Caribe","Bolivar","FABACEAE","Lonchocarpus","atropurpureus","Loncatro","Medium",5
"761","ValleMagdalena","TolimaS","FABACEAE","Lonchocarpus","sericeus","Loncseri","Medium",15
"762","Caribe","Cesar","FABACEAE","Lonchocarpus","sp","Loncsp","Medium",2
"763","ValleMagdalena","TolimaS","FABACEAE","Lonchocarpus","sp","Loncsp","Medium",5
"764","Caribe","Bolivar","MALVACEAE","Luehea","seemannii","Luehseem","Medium",1
"765","Caribe","Guajira","MALVACEAE","Luehea","seemannii","Luehseem","Medium",5
"766","ValleMagdalena","TolimaS","EUPHORBIACEAE","Mabea","montana","Mabemont","Medium",2
"767","Caribe","Cesar","FABACEAE","Machaerium","biovulatum","Machbiov","Medium",1
"768","ValleMagdalena","Huila","FABACEAE","Machaerium","biovulatum","Machbiov","Medium",1
"769","ValleMagdalena","TolimaS","FABACEAE","Machaerium","biovulatum","Machbiov","Medium",5
"770","Caribe","Bolivar","FABACEAE","Machaerium","capote","Machcapo","Medium",2
"771","ValleMagdalena","Huila","FABACEAE","Machaerium","capote","Machcapo","Medium",19
"772","ValleMagdalena","TolimaS","FABACEAE","Machaerium","capote","Machcapo","Medium",44
"773","ValleMagdalena","TolimaS","FABACEAE","Machaerium","goudotii","Machgoud","Medium",6
"774","Caribe","Bolivar","FABACEAE","Machaerium","sp1","Machsp1","Medium",3
"775","ValleMagdalena","TolimaS","FABACEAE","Machaerium","sp13","Machsp13","Medium",3
"776","Caribe","Bolivar","FABACEAE","Machaerium","sp3","Machsp3","Medium",2
"777","Caribe","Bolivar","FABACEAE","Machaerium","sp4","Machsp4","Medium",3
"778","Caribe","Guajira","FABACEAE","Machaerium","sp4","Machsp4","Medium",3
"779","Caribe","Cesar","FABACEAE","Machaerium","sp5","Machsp5","Medium",13
"780","Caribe","Cesar","FABACEAE","Machaerium","sp6","Machsp6","Medium",2
"781","Caribe","Cesar","FABACEAE","Machaerium","sp7","Machsp7","Medium",16
"782","Caribe","Cesar","FABACEAE","Machaerium","sp8","Machsp8","Medium",4
"783","Caribe","Cesar","MORACEAE","Maclura","tinctoria","Macltinc","Medium",3
"784","ValleMagdalena","Huila","MORACEAE","Maclura","tinctoria","Macltinc","Medium",6
"785","ValleMagdalena","TolimaS","MORACEAE","Maclura","tinctoria","Macltinc","Medium",1
"786","ValleMagdalena","TolimaS","MALPIGHIACEAE","Malpighiaceae","sp3","Malpsp3","Medium",5
"787","Caribe","Guajira","MALVACEAE","Malvaviscus","concinnus","Malvconc","Medium",1
"788","Caribe","Guajira","MALVACEAE","Malvaceae","sp","Malvsp","Medium",1
"789","Caribe","Bolivar","MALVACEAE","Malvaviscus","sp","Malvsp","Medium",1
"790","Caribe","Bolivar","SAPOTACEAE","Manilkara","zapota","Manizapo","Medium",2
"791","ValleMagdalena","TolimaS","SAPINDACEAE","Melicoccus","bijugatus","Melibiju","Medium",2
"792","Caribe","Bolivar","SAPINDACEAE","Melicoccus","oliviformis","Melioliv","Medium",2
"793","Caribe","Cesar","MELASTOMATACEAE","Miconia","spicellata","Micospic","Medium",8
"794","Caribe","Guajira","MELASTOMATACEAE","Miconia","spicellata","Micospic","Medium",8
"795","Caribe","Cesar","FABACEAE","Mimosoideae","sp1","Mimosp1","Medium",2
"796","Caribe","Cesar","MORACEAE","Moraceae","sp","Morasp","Medium",2
"797","ValleMagdalena","Huila","MYRTACEAE","Myrcia","sp","Myrcsp","Medium",87
"798","Caribe","Cesar","MYRTACEAE","Myrcia","splendens","Myrcsple","Medium",4
"799","ValleMagdalena","Huila","MYRTACEAE","Myrcia","splendens","Myrcsple","Medium",74
"800","ValleMagdalena","TolimaS","MYRTACEAE","Myrcia","splendens","Myrcsple","Medium",7
"801","Caribe","Bolivar","URTICACEAE","Myriocarpa","longipes","Myrilong","Medium",18
"802","Caribe","Guajira","URTICACEAE","Myriocarpa","longipes","Myrilong","Medium",19
"803","ValleMagdalena","Huila","PRIMULACEAE","Myrsine","sp","Myrssp","Medium",5
"804","Caribe","Cesar","LAURACEAE","Nectandra","cuspidata","Nectcusp","Medium",1
"805","Caribe","Cesar","LAURACEAE","Nectandra","laurel","Nectlaur","Medium",8
"806","Caribe","Bolivar","LAURACEAE","Nectandra","sp1","Nectsp1","Medium",1
"807","Caribe","Cesar","LAURACEAE","Nectandra","sp1","Nectsp1","Medium",3
"808","Caribe","Cesar","LAURACEAE","Nectandra","sp2","Nectsp2","Medium",7
"809","Caribe","Guajira","LAURACEAE","Nectandra","sp2","Nectsp2","Medium",14
"810","ValleMagdalena","TolimaS","LAURACEAE","Nectandra","sp3","Nectsp3","Medium",11
"811","Caribe","Cesar","LAURACEAE","Nectandra","turbacensis","Nectturb","Medium",8
"812","Caribe","Guajira","LAURACEAE","Nectandra","turbacensis","Nectturb","Medium",9
"813","ValleMagdalena","TolimaS","NYCTAGINACEAE","Neea","sp","Neeasp","Medium",12
"814","Caribe","Bolivar","NYCTAGINACEAE","Neea","virens","Neeavire","Medium",2
"815","Caribe","Cesar","NYCTAGINACEAE","Neea","virens","Neeavire","Medium",6
"816","Caribe","Guajira","NYCTAGINACEAE","Neea","virens","Neeavire","Medium",1
"817","Caribe","Bolivar","ANNONACEAE","Oxandra","sp","Oxansp","Medium",1
"818","Caribe","Cesar","MALVACEAE","Pachira","quinata","Pachquin","Medium",2
"819","Caribe","Cesar","MALVACEAE","Pachira","sessilis","Pachsess","Medium",2
"820","Caribe","Cesar","PRIMULACEAE","Parathesis","sp","Parasp","Medium",4
"821","Caribe","Cesar","FABACEAE","Peltogyne","sp","Peltsp","Medium",1
"822","Caribe","Guajira","PERACEAE","Pera","arborea","Peraarbo","Medium",3
"823","Caribe","Cesar","LAURACEAE","Persea","americana","Persamer","Medium",3
"824","ValleMagdalena","Huila","VERBENACEAE","Petrea","maynensis","Petrmayn","Medium",1
"825","ValleMagdalena","Huila","VERBENACEAE","Petrea","pubescens","Petrpube","Medium",3
"826","ValleMagdalena","TolimaS","VERBENACEAE","Petrea","pubescens","Petrpube","Medium",4
"827","ValleMagdalena","Huila","VERBENACEAE","Petrea","rugosa","Petrrugo","Medium",22
"828","ValleMagdalena","TolimaS","VERBENACEAE","Petrea","sp","Petrsp","Medium",6
"829","Caribe","Cesar","VERBENACEAE","Petrea","volubilis","Petrvolu","Medium",3
"830","Caribe","Guajira","PHYLLANTHACEAE","Phyllanthus","acuminatus","Phylacum","Medium",1
"831","Caribe","Bolivar","PICRAMNIACEAE","Picramnia","latifolia","Picrlati","Medium",1
"832","Caribe","Guajira","PICRAMNIACEAE","Picramnia","latifolia","Picrlati","Medium",1
"833","ValleMagdalena","Huila","PICRAMNIACEAE","Picramnia","latifolia","Picrlati","Medium",2
"834","ValleMagdalena","TolimaS","PICRAMNIACEAE","Picramnia","latifolia","Picrlati","Medium",2
"835","ValleMagdalena","Huila","RUTACEAE","Pilocarpus","goudotianus","Pilogoud","Medium",103
"836","Caribe","Cesar","PIPERACEAE","Piper","aduncum","Pipeadun","Medium",3
"837","Caribe","Cesar","PIPERACEAE","Piper","reticulatum","Pipereti","Medium",16
"838","Caribe","Guajira","PIPERACEAE","Piper","reticulatum","Pipereti","Medium",115
"839","Caribe","Cesar","PIPERACEAE","Piper","sp1","Pipesp1","Medium",1
"840","Caribe","Cesar","PIPERACEAE","Piper","sp2","Pipesp2","Medium",1
"841","Caribe","Bolivar","FABACEAE","Piptadenia","flava","Piptflav","Medium",3
"842","Caribe","Cesar","FABACEAE","Piptadenia","sp","Piptsp","Medium",1
"843","Caribe","Bolivar","NYCTAGINACEAE","Pisonia","aculeata","Pisoacul","Medium",2
"844","ValleMagdalena","Huila","FABACEAE","Pithecellobium","lanceolatum","Pithlanc","Medium",28
"845","Caribe","Guajira","RUBIACEAE","Pittoniotis","sp","Pittsp","Medium",1
"846","Caribe","Bolivar","RUBIACEAE","Pittoniotis","trichantha","Pitttric","Medium",4
"847","Caribe","Bolivar","FABACEAE","Platymiscium","hebestachyum","Plathebe","Medium",1
"848","Caribe","Cesar","FABACEAE","Platymiscium","hebestachyum","Plathebe","Medium",1
"849","Caribe","Cesar","RUBIACEAE","Pogonopus","speciosus","Pogospec","Medium",18
"850","Caribe","Cesar","MORACEAE","Poulsenia","armata","Poularma","Medium",2
"851","Caribe","Guajira","MORACEAE","Poulsenia","armata","Poularma","Medium",3
"852","ValleMagdalena","TolimaS","SAPOTACEAE","Pouteria","caimito","Poutcaim","Medium",2
"853","Caribe","Cesar","SAPOTACEAE","Pouteria","durlandii","Poutdurl","Medium",11
"854","ValleMagdalena","TolimaS","SAPOTACEAE","Pouteria","hispida","Pouthisp","Medium",13
"855","Caribe","Cesar","BURSERACEAE","Protium","tenuifolium","Prottenu","Medium",21
"856","Caribe","Guajira","BURSERACEAE","Protium","tenuifolium","Prottenu","Medium",20
"857","ValleMagdalena","TolimaS","FABACEAE","Pseudosamanea","guachapele","Pseuguac","Medium",2
"858","Caribe","Cesar","MALVACEAE","Pseudobombax","septenatum","Pseusept","Medium",1
"859","ValleMagdalena","Huila","MALVACEAE","Pseudobombax","septenatum","Pseusept","Medium",2
"860","ValleMagdalena","Huila","RUBIACEAE","Psychotria","sp","Psycsp","Medium",4
"861","Caribe","Cesar","FABACEAE","Pterocarpus","acapulcensis","Pteracap","Medium",49
"862","Caribe","Bolivar","MALVACEAE","Pterygota","colombiana","Ptercolo","Medium",1
"863","Caribe","Bolivar","FABACEAE","Pterocarpus","officinalis","Pteroffi","Medium",1
"864","Caribe","Bolivar","MALVACEAE","Quararibea","sp1","Quarsp1","Medium",2
"865","Caribe","Bolivar","MALVACEAE","Quararibea","sp2","Quarsp2","Medium",4
"866","Caribe","Bolivar","SIMAROUBACEAE","Quassia","amara","Quasamar","Medium",1
"867","Caribe","Bolivar","RUBIACEAE","Randia","armata","Randarma","Medium",1
"868","Caribe","Cesar","RUBIACEAE","Randia","sp1","Randsp1","Medium",1
"869","ValleMagdalena","TolimaS","RUBIACEAE","Randia","sp2","Randsp2","Medium",5
"870","ValleMagdalena","TolimaS","RUBIACEAE","Randia","sp4","Randsp4","Medium",11
"871","Caribe","Cesar","RUBIACEAE","Rubiaceae","sp","Rubisp","Medium",1
"872","Caribe","Cesar","SAPINDACEAE","Sapindus","saponaria","Sapisapo","Medium",2
"873","ValleMagdalena","Huila","SAPINDACEAE","Sapindus","saponaria","Sapisapo","Medium",2
"874","ValleMagdalena","Huila","SAPINDACEAE","Sapindaceae","sp2","Sapisp2","Medium",1
"875","Caribe","Guajira","ARALIACEAE","Schefflera","morototoni","Schemoro","Medium",7
"876","ValleMagdalena","Huila","POLYGALACEAE","Securidaca","coriacea","Secucori","Medium",1
"877","Caribe","Cesar","FABACEAE","Senegalia","tamarindifolia","Senetama","Medium",13
"878","Caribe","Guajira","EUPHORBIACEAE","Senefeldera","testiculata","Senetest","Medium",2
"879","Caribe","Guajira","FABACEAE","Senna","sp1","Sennsp1","Medium",1
"880","Caribe","Cesar","FABACEAE","Senna","sp2","Sennsp2","Medium",1
"881","Caribe","Guajira","SIMAROUBACEAE","Simaba","ferruginea","Simaferr","Medium",4
"882","ValleMagdalena","Huila","SIPARUNACEAE","Siparuna","sessiliflora","Sipasess","Medium",2
"883","Caribe","Guajira","ELAEOCARPACEAE","Sloanea","tuerckheimii","Sloatuer","Medium",1
"884","Caribe","Cesar","SOLANACEAE","Solanum","sp2","Solasp2","Medium",1
"885","Caribe","Guajira","MORACEAE","Sorocea","sp","Sorosp","Medium",2
"886","Caribe","Bolivar","MORACEAE","Sorocea","sprucei","Sorospru","Medium",1
"887","Caribe","Cesar","MORACEAE","Sorocea","sprucei","Sorospru","Medium",1
"888","Caribe","Guajira","MORACEAE","Sorocea","sprucei","Sorospru","Medium",1
"889","ValleMagdalena","TolimaS","MORACEAE","Sorocea","sprucei","Sorospru","Medium",10
"890","Caribe","Bolivar","ANACARDIACEAE","Spondias","mombin","Sponmomb","Medium",15
"891","Caribe","Cesar","ANACARDIACEAE","Spondias","mombin","Sponmomb","Medium",13
"892","ValleMagdalena","Huila","ANACARDIACEAE","Spondias","mombin","Sponmomb","Medium",3
"893","ValleMagdalena","TolimaS","ANACARDIACEAE","Spondias","mombin","Sponmomb","Medium",5
"894","Caribe","Bolivar","ANACARDIACEAE","Spondias","sp","Sponsp","Medium",2
"895","ValleMagdalena","Huila","ANACARDIACEAE","Spondias","sp","Sponsp","Medium",2
"896","Caribe","Bolivar","APOCYNACEAE","Stemmadenia","grandiflora","Stemgran","Medium",5
"897","Caribe","Cesar","APOCYNACEAE","Stemmadenia","grandiflora","Stemgran","Medium",69
"898","Caribe","Guajira","APOCYNACEAE","Stemmadenia","grandiflora","Stemgran","Medium",4
"899","ValleMagdalena","Huila","APOCYNACEAE","Stemmadenia","grandiflora","Stemgran","Medium",2
"900","Caribe","Bolivar","MALVACEAE","Sterculia","apetala","Sterapet","Medium",8
"901","Caribe","Cesar","MALVACEAE","Sterculia","apetala","Sterapet","Medium",1
"902","Caribe","Cesar","MALPIGHIACEAE","Stigmaphyllon","sp","Stigsp","Medium",4
"903","Caribe","Cesar","PRIMULACEAE","Stylogyne","micrantha","Stylmicr","Medium",10
"904","Caribe","Bolivar","PRIMULACEAE","Stylogyne","turbacensis","Stylturb","Medium",3
"905","Caribe","Cesar","PRIMULACEAE","Stylogyne","turbacensis","Stylturb","Medium",1
"906","ValleMagdalena","Huila","PRIMULACEAE","Stylogyne","turbacensis","Stylturb","Medium",7
"907","Caribe","Bolivar","FABACEAE","Swartzia","simplex","Swarsimp","Medium",3
"908","Caribe","Cesar","FABACEAE","Swartzia","sp3","Swarsp3","Medium",1
"909","Caribe","Bolivar","APOCYNACEAE","Tabernaemontana","sp","Tabesp","Medium",3
"910","Caribe","Cesar","COMBRETACEAE","Terminalia","amazonia","Termamaz","Medium",3
"911","Caribe","Cesar","BURSERACEAE","Tetragastris","mucronata","Tetrmucr","Medium",23
"912","Caribe","Guajira","BURSERACEAE","Tetragastris","mucronata","Tetrmucr","Medium",31
"913","Caribe","Cesar","DILLENIACEAE","Tetracera","volubilis","Tetrvolu","Medium",1
"914","Caribe","Guajira","APOCYNACEAE","Thevetia","ahouai","Thevahou","Medium",5
"915","Caribe","Bolivar","MELIACEAE","Trichilia","carinata","Triccari","Medium",3
"916","Caribe","Guajira","MELIACEAE","Trichilia","martiana","Tricmart","Medium",1
"917","ValleMagdalena","TolimaS","MELIACEAE","Trichilia","martiana","Tricmart","Medium",6
"918","Caribe","Bolivar","POLYGONACEAE","Triplaris","americana","Tripamer","Medium",13
"919","Caribe","Cesar","POLYGONACEAE","Triplaris","cumingiana","Tripcumi","Medium",1
"920","Caribe","Cesar","POLYGONACEAE","Triplaris","sp2","Tripsp2","Medium",4
"921","Caribe","Guajira","MORACEAE","Trophis","racemosa","Troprace","Medium",2
"922","Caribe","Bolivar","ULMACEAE","Ulmaceae","sp","Ulmasp","Medium",1
"923","Caribe","Bolivar","URTICACEAE","Urticaceae","sp","Urtisp","Medium",21
"924","Caribe","Cesar","FABACEAE","Vachellia","farnesiana","Vachfarn","Medium",12
"925","ValleMagdalena","Huila","FABACEAE","Vachellia","sp","Vachsp","Medium",1
"926","ValleMagdalena","Huila","CARICACEAE","Vasconcellea","goudotiana","Vascgoud","Medium",1
"927","Caribe","Guajira","MYRISTICACEAE","Virola","sebifera","Virosebi","Medium",31
"928","Caribe","Cesar","LAMIACEAE","Vitex","compressa","Vitecomp","Medium",1
"929","ValleMagdalena","TolimaS","LAMIACEAE","Vitex","flavens","Viteflav","Medium",2
"930","Caribe","Cesar","ANNONACEAE","Xylopia","aromatica","Xyloarom","Medium",2
"931","ValleMagdalena","Huila","ANNONACEAE","Xylopia","aromatica","Xyloarom","Medium",27
"932","ValleMagdalena","TolimaS","ANNONACEAE","Xylopia","aromatica","Xyloarom","Medium",1
"933","Caribe","Guajira","ANNONACEAE","Xylopia","frutescens","Xylofrut","Medium",1
"934","Caribe","Bolivar","SALICACEAE","Xylosma","sp1","Xylosp1","Medium",4
"935","Caribe","Cesar","SALICACEAE","Xylosma","sp2","Xylosp2","Medium",6
"936","ValleMagdalena","Huila","RUTACEAE","Zanthoxylum","acuminatum","Zantacum","Medium",1
"937","ValleMagdalena","Huila","RUTACEAE","Zanthoxylum","lenticulare","Zantlent","Medium",3
"938","Caribe","Guajira","RUTACEAE","Zanthoxylum","rhoifolium","Zantrhoi","Medium",6
"939","ValleMagdalena","Huila","RUTACEAE","Zanthoxylum","rhoifolium","Zantrhoi","Medium",2
"940","ValleMagdalena","Huila","RUTACEAE","Zanthoxylum","schreberi","Zantschr","Medium",5
"941","Caribe","Bolivar","FABACEAE","Zygia","inaequalis","Zygiinae","Medium",7
"942","Caribe","Cesar","FABACEAE","Zygia","inaequalis","Zygiinae","Medium",18
"943","Caribe","Guajira","FABACEAE","Zygia","inaequalis","Zygiinae","Medium",6
"944","Caribe","Bolivar","FABACEAE","Zygia","sp","Zygisp","Medium",1
"945","Caribe","Cesar","FABACEAE","Zygia","sp","Zygisp","Medium",12
