"","Guajira","Bolivar","Valle","Huila","TolimaS","Cesar","Tolima","Antioquia","Patia"
"Myrilong",46,28,0,0,0,0,0,0,0
"Carlpalm",1,0,0,0,0,0,0,0,0
"Thevahou",6,2,0,0,0,0,0,0,0
"Ficuinsi",28,2,1,2,3,7,0,0,0
"Pipereti",201,22,38,0,0,16,0,0,0
"Bigndive",4,19,0,0,1,28,0,0,0
"Tetrmucr",178,1,0,0,0,23,0,0,0
"Poularma",3,0,0,0,0,3,0,0,0
"Ingasp1",39,1,0,0,0,0,0,0,0
"Guarguid",41,0,0,0,0,4,0,0,0
"Virosebi",39,0,0,0,0,0,0,0,0
"Acaldive",16,19,0,0,0,0,5,0,0
"Laursp3",9,0,0,0,0,0,0,0,0
"Indet29",1,0,0,0,0,0,0,0,0
"Peraarbo",4,0,0,0,0,0,0,0,0
"Machsp4",3,25,0,0,0,0,0,0,0
"Unoncolo",1,0,0,0,0,0,0,0,0
"Astrgrav",18,19,0,14,25,28,17,72,0
"Nectturb",31,0,0,0,0,8,8,0,0
"Dendarbo",24,3,0,1,0,26,0,0,0
"Cupaamer",74,34,0,13,0,0,1,0,0
"Stemgran",8,15,0,3,0,69,3,6,0
"Clarbifl",36,0,0,0,0,0,0,0,0
"Adenaspe",11,0,0,0,0,0,0,0,0
"Hybaprun",8,5,0,0,0,3,0,0,0
"Pittsp",1,0,0,0,0,0,0,0,0
"Sennsp1",8,1,0,0,0,0,0,0,0
"Attabuty",21,3,0,14,0,0,47,0,0
"Malvconc",1,0,0,0,0,0,0,0,0
"Cecrsp",32,0,0,0,0,0,0,0,0
"Stigdich",2,0,0,0,1,0,0,0,0
"Mascdiva",2,0,0,0,0,0,0,0,0
"Zygiinae",8,8,0,0,0,20,0,0,0
"Indet145",1,0,0,0,0,0,0,0,0
"Luehseem",5,1,0,0,0,0,1,0,0
"Phylacum",2,0,0,0,0,0,0,0,0
"Arismaxi",3,0,0,0,0,0,0,6,0
"Sloatuer",1,0,0,0,0,0,0,0,0
"Micospic",9,0,0,1,0,8,3,0,0
"Schemoro",8,0,0,0,0,0,0,0,0
"Ardibart",4,0,0,0,0,0,0,0,0
"Bactsp1",17,0,0,0,0,0,0,0,0
"Zantrhoi",11,0,0,0,0,0,0,0,0
"Nectsp2",15,0,0,0,0,7,0,0,0
"Simaferr",5,0,0,0,0,0,0,0,0
"Prottenu",93,22,0,0,0,21,0,0,0
"Ingasp2",3,1,0,0,0,0,0,0,0
"Geniamer",15,0,3,10,8,0,4,0,0
"Laciaggr",2,0,0,11,5,0,0,0,0
"Diocsp",1,0,0,0,0,0,0,0,0
"Lecymino",2,1,0,0,0,0,0,0,0
"Annorens",1,0,0,0,57,0,0,0,0
"Indet113",1,0,0,0,0,0,0,0,0
"Neeavire",2,4,0,0,0,6,0,0,0
"Anacexce",5,8,0,2,9,9,35,0,0
"Annosp1",1,0,0,0,0,0,0,0,0
"Ficusp3",1,0,0,0,0,0,0,0,0
"Xylofrut",1,0,0,0,0,0,0,0,0
"Brossp1",6,0,0,0,0,0,0,0,0
"Sorospru",2,7,83,11,10,1,31,0,0
"Henrfasc",1,0,0,0,0,0,0,0,0
"Cochviti",5,11,0,0,0,11,0,1,0
"Brosalic",7,26,279,0,0,2,0,0,0
"Connpana",6,2,0,0,0,0,0,0,0
"Malvsp",1,1,0,0,0,0,0,0,0
"Troprace",52,0,0,0,0,0,0,0,0
"Indet42",1,0,0,0,0,0,0,0,0
"Chrysp",6,0,0,0,0,0,0,0,0
"Laursp4",4,0,0,0,0,0,0,0,0
"Picrlati",1,5,0,18,2,0,2,0,0
"Laursp2",4,0,0,0,0,0,0,0,0
"Aspisp1",1,0,0,0,0,0,0,0,0
"Faraocci",1,2,0,0,0,0,0,0,0
"Bignsp1",3,0,0,0,0,0,0,0,0
"Cordbico",28,37,0,0,0,6,0,0,0
"Sorosp",13,0,0,0,0,0,0,0,0
"Dugusp",1,0,0,0,0,0,0,0,0
"Ceibpent",1,0,0,0,0,0,1,1,0
"Tricmart",1,0,0,2,7,0,0,9,0
"Senetest",2,0,0,0,0,0,0,0,0
"Combfrut",17,3,0,33,109,29,0,0,0
"Indet121",1,0,0,0,0,0,0,0,0
"Eugeoers",1,1,0,0,0,1,0,0,0
"Indet129",1,0,0,0,0,0,0,0,0
"Tricolig",0,0,0,0,0,0,142,0,0
"Cordalli",0,99,0,35,0,6,77,0,0
"Casesp",0,0,0,0,0,0,19,0,0
"Guazulmi",42,277,279,59,129,113,60,228,0
"Casecory",1,2,0,47,18,61,47,15,0
"Trichirt",0,0,0,0,0,0,10,0,0
"Macltinc",0,2,0,18,7,3,5,1,0
"Pseuguac",0,1,0,4,14,0,5,5,0
"Machtoli",0,0,0,0,0,0,49,0,0
"Nectacut",0,0,0,0,0,0,49,0,0
"Zantrigi",0,0,0,0,19,0,45,3,0
"Achanigr",0,0,0,0,0,0,3,0,0
"Malpglab",0,20,146,0,0,0,8,2,22
"Casesylv",3,2,0,88,0,11,30,0,0
"Forsspic",0,0,0,0,0,0,9,0,0
"Oxanespi",0,0,0,0,0,0,203,0,0
"Poutcaim",0,0,0,14,2,0,26,0,0
"Tricappe",0,0,0,0,0,0,9,0,0
"Swartria",0,0,0,0,0,0,3,0,0
"Machcapo",0,5,0,217,162,0,13,1,0
"Cocccoro",0,0,0,0,0,0,111,0,0
"Pressp",0,1,0,0,0,0,72,0,0
"Randdioi",0,0,0,0,0,0,29,0,0
"Swarrobi",0,0,0,0,3,0,23,0,0
"Eugesp3",0,0,0,0,2,0,37,0,0
"Erytulei",0,0,0,0,0,0,16,0,0
"Tripamer",0,14,0,0,0,0,26,21,0
"Ampealbe",0,0,0,0,0,0,15,0,0
"Sponmomb",27,26,0,29,12,13,12,0,0
"Buncniti",0,0,0,0,0,0,1,0,0
"Zantschr",0,0,2,5,0,0,1,33,0
"Hieralch",0,0,0,0,0,0,7,0,0
"Coccpadi",0,0,0,0,0,13,3,0,0
"Poutglom",0,0,0,0,0,0,8,0,0
"Zizistry",0,0,0,0,0,3,1,0,0
"Maynsp",0,0,0,0,0,0,5,0,0
"Simicord",0,1,0,0,0,0,1,0,0
"Hiratern",0,0,0,0,0,0,1,0,0
"Pteroffi",0,49,0,0,0,0,2,0,0
"Amyrpinn",0,0,35,10,0,0,7,2,0
"Celtigua",0,5,0,3,0,0,1,0,0
"Chlomang",0,16,1,0,0,0,6,0,0
"Guarsp",0,0,0,0,0,0,8,0,0
"Cynoampl",0,0,6,0,0,0,1,0,0
"Daphamer",0,0,0,0,0,0,1,0,0
"Erythond",0,0,0,0,0,0,10,0,0
"Eugesp1",1,0,0,0,0,0,55,0,0
"Neeadiva",0,0,0,0,0,0,5,0,0
"Swarsimp",0,5,0,0,0,0,19,0,0
"Tricpall",0,1,28,0,0,0,12,0,0
"Zantcari",0,0,8,0,0,0,1,0,0
"Guatanom",0,0,0,0,0,0,1,0,0
"Eugeproc",0,2,495,194,312,0,0,417,0
"Zantverr",0,0,86,0,0,0,0,0,0
"Annomuri",0,0,23,0,0,0,0,0,0
"Sapisapo",0,0,23,13,1,2,0,0,0
"Lycomexi",0,0,29,0,1,0,0,0,0
"Triceleg",0,0,198,0,0,0,0,0,0
"Pipesp5",0,0,29,0,0,0,0,0,0
"Critmori",0,0,52,0,0,0,0,0,0
"Sambnigr",0,0,7,0,0,0,0,0,0
"Pithdulc",0,0,43,0,16,0,0,0,0
"Buncpseu",0,0,100,5,0,0,2,0,0
"Ptersp4",0,0,3,0,0,0,0,0,0
"Cluscoch",0,0,39,0,0,0,0,0,0
"Cascthev",0,0,5,0,0,0,0,0,0
"Pipeauri",0,0,10,0,0,0,0,0,0
"Tricgiga",0,0,63,0,0,0,0,0,0
"Oenosp",0,0,1,0,0,0,0,0,0
"Cithkunt",0,0,39,0,0,0,0,12,0
"Zantfaga",0,0,45,0,0,0,0,4,348
"Vachfarn",0,0,7,0,0,13,0,45,0
"Vachmacr",0,0,13,0,0,0,0,0,0
"Guapcost",0,0,80,26,0,0,0,0,0
"Murrpani",0,0,149,0,0,0,0,0,0
"Bignsp",0,0,9,0,0,0,0,0,0
"Chioalba",0,0,1,0,0,0,0,0,0
"Crotsp2",0,0,8,0,0,0,0,0,0
"Ficusp2",0,26,5,0,5,0,0,0,0
"Machsp13",0,0,1,0,0,0,0,0,0
"Tricocta",0,0,3,0,0,0,0,0,0
"Indet30",0,0,1,0,0,0,0,0,0
"Indet147",0,1,1,0,0,0,0,0,0
"Mandbogo",0,0,1,0,0,0,0,0,0
"Zantgent",0,0,22,0,0,0,0,0,0
"Cynopoly",0,0,1,8,0,1,0,0,0
"Buncsp",0,0,92,0,0,0,0,0,0
"Pisoacul",0,11,6,0,0,0,0,52,0
"Lantcama",0,0,2,0,0,0,0,0,0
"Euphcoti",0,0,9,9,0,0,0,0,0
"Vernpate",0,0,6,0,0,0,0,0,0
"Casesp1",0,49,0,0,0,0,0,0,0
"Ptersp3",0,1,0,0,0,0,0,0,0
"Zantsp1",0,1,0,0,0,0,0,0,0
"Myrcfall",1,51,187,132,149,4,18,0,0
"Pteracap",0,1,0,0,0,51,0,0,0
"Albiniop",0,21,0,4,0,0,0,26,0
"Bactsp2",0,166,0,0,0,0,0,0,0
"Sennsp2",0,3,0,0,0,1,0,0,0
"Rourglab",0,4,0,0,0,0,0,0,0
"Stigcolu",0,1,0,0,0,0,0,0,0
"Chomspin",0,141,0,48,0,4,0,35,0
"Gustsupe",0,58,0,0,0,0,0,0,0
"Burssima",0,3,0,0,0,2,0,22,0
"Machsp1",0,3,0,0,0,0,0,0,0
"Randsp6",0,7,0,0,0,0,0,0,0
"Machsp2",2,8,0,0,0,0,0,0,0
"Coccacum",1,5,0,0,0,0,0,0,0
"Coccobov",0,2,0,0,40,0,1,0,0
"Schipara",0,3,0,0,0,0,0,0,0
"Cecrpelt",0,9,0,5,6,6,3,1,0
"Ficusp4",0,3,0,0,0,0,0,0,0
"Fabasp1",0,3,0,0,0,2,0,0,0
"Pitttric",12,5,0,0,0,0,0,0,0
"Cyrtvelu",0,2,0,0,0,0,0,0,0
"Pithungu",0,2,0,0,0,0,0,0,0
"Sapisp1",0,1,0,0,0,0,0,0,0
"Piptflav",0,13,0,0,0,0,0,0,0
"Ampemacp",0,99,0,0,0,0,0,0,0
"Stylmicr",0,1,0,0,0,10,0,0,0
"Rudgcorn",0,2,0,0,0,0,0,0,0
"Plathebe",1,7,0,0,0,1,0,0,0
"Cryokalb",0,10,0,0,0,0,0,0,0
"Oxansp",0,5,0,0,0,0,0,0,0
"Petrvolu",0,3,0,0,0,22,0,0,0
"Triccari",0,3,0,0,0,0,0,0,0
"Callmagd",0,3,0,0,0,1,0,0,0
"Mayngran",0,1,0,0,0,0,0,0,0
"Apocsp1",0,2,0,0,0,0,0,0,0
"Garcbent",0,2,0,0,0,0,0,0,0
"Tripsp1",0,1,0,0,0,0,0,0,0
"Justbrac",0,1,0,0,0,0,0,0,0
"Melioliv",0,5,0,0,0,0,0,0,0
"Maytlong",0,1,0,0,0,0,0,0,0
"Huracrep",0,2,0,0,0,5,0,15,0
"Indet18",0,1,0,0,0,1,0,0,0
"Cappfron",0,31,0,0,0,1,0,0,0
"Ingasp4",0,3,0,0,0,0,0,0,0
"Saposp",0,1,0,0,0,0,0,0,0
"Couthexa",0,3,0,20,52,0,50,0,0
"Swarsp1",0,3,0,0,0,0,0,0,0
"Chryvene",0,8,0,0,0,0,0,0,0
"Manizapo",0,3,0,0,0,0,0,0,0
"Dilocost",0,7,0,2,0,0,0,0,0
"Astesp",0,5,0,0,0,0,0,0,0
"Connsp",0,2,0,0,0,0,0,0,0
"Ulmasp",0,8,0,0,0,0,0,0,0
"Urtisp",0,24,0,0,0,0,0,0,0
"Aspisp2",0,2,0,0,0,0,0,0,0
"Ptercolo",5,2,0,0,0,0,0,0,0
"Poutsp3",0,4,0,0,0,0,0,0,0
"Sterapet",0,12,1,0,0,1,0,0,0
"Cynohast",0,2,0,0,0,0,0,0,0
"Indet199",0,1,0,0,0,0,0,0,0
"Indet200",0,1,0,0,0,0,0,0,0
"Casesp2",0,0,0,15,0,0,0,0,0
"Petrpube",0,0,0,42,56,0,0,0,0
"Esenalat",0,0,0,9,0,0,0,0,0
"Secucori",0,0,0,14,0,0,0,0,0
"Indet41",0,0,0,1,0,0,0,0,0
"Handochr",0,0,0,17,38,0,0,0,0
"Indet53",0,0,0,1,0,0,0,0,0
"Zantsp4",0,0,0,5,0,0,0,0,0
"Eugeflor",0,0,0,85,25,0,0,0,0
"Indet57",0,0,0,2,0,1,0,0,0
"Indet59",0,0,0,1,0,0,0,0,0
"Indet62",0,0,0,3,0,1,0,0,0
"Indet89",0,0,0,2,0,0,0,0,0
"Swarsp4",0,0,0,5,0,0,0,0,0
"Banaibag",0,0,0,44,15,0,1,0,0
"Apocsp2",0,0,0,1,0,0,0,0,0
"Indet190",0,0,0,2,0,0,0,0,0
"Indet223",0,0,0,1,0,0,0,0,0
"Indet227",0,0,0,1,0,0,0,0,0
"Pseusept",0,1,0,4,1,1,10,2,0
"Laursp7",0,0,0,108,0,0,0,0,0
"Hirtamer",0,3,0,57,0,0,0,0,0
"Ficusp8",0,0,0,2,0,0,0,0,0
"Cupacine",0,0,0,9,0,0,0,0,0
"Callacum",0,0,0,29,0,0,0,0,0
"Bactsp4",0,0,0,1,0,0,0,0,0
"Mabemont",0,0,0,3,4,0,3,0,0
"Xyloarom",0,0,0,54,2,2,1,0,0
"Curaamer",0,0,0,5,26,0,0,0,0
"Maprguia",0,0,0,1,0,0,0,0,0
"Tapiguia",0,0,0,7,0,0,0,0,0
"Ixorfinl",0,0,0,2,1,0,0,0,0
"Ficusp7",0,0,0,2,0,0,0,0,0
"Fridpube",0,0,0,12,0,0,0,0,0
"Tetrsp2",0,0,0,4,0,0,0,0,0
"Erytmacr",0,0,0,16,0,0,6,0,0
"Annorufi",0,0,0,18,0,0,1,0,0
"Ingasp9",0,0,0,2,0,0,0,0,0
"Cinntrip",0,0,28,63,0,1,0,0,0
"Indet27",0,0,0,1,0,0,0,0,0
"Ficusp5",0,0,0,1,0,0,0,0,0
"Gouasp",0,0,0,1,0,0,0,0,0
"Casesp3",0,0,0,1,0,0,0,0,0
"Cupalati",0,0,0,0,8,0,19,0,0
"Piptdisc",0,0,0,0,0,0,4,0,0
"Rondpube",0,6,0,0,0,9,10,0,0
"Prosjuli",0,0,0,0,0,0,5,0,0
"Apeitibo",0,0,0,0,0,0,10,0,0
"Ormosp1",0,0,0,0,0,0,6,0,0
"Eugeunif",0,0,0,0,0,0,15,0,0
"Petrrugo",0,0,0,24,0,0,8,0,0
"Taberose",0,0,0,0,0,0,3,0,0
"Neeaampl",0,0,0,0,0,0,6,0,0
"Machmicr",0,0,0,0,0,0,22,4,0
"Jacahesp",0,0,0,0,0,0,10,0,0
"Alibsp",0,0,0,0,0,0,3,0,0
"Stylturb",0,3,0,7,13,1,34,0,0
"Vititili",0,0,0,0,0,0,1,0,0
"Ingasp",0,0,0,0,0,0,9,0,0
"Pipemarg",0,0,0,0,0,0,72,0,0
"Diloeleg",0,0,0,0,0,0,1,0,0
"Sorotrop",0,0,0,0,0,0,10,0,0
"Protmacr",0,0,0,0,0,0,2,0,0
"Banaguia",11,0,0,0,0,0,1,0,0
"Posolati",0,0,0,0,0,0,4,0,0
"Aracdisc",0,0,0,0,0,0,1,0,0
"Guatsp",0,0,0,0,0,0,5,0,0
"Batocost",0,0,0,0,0,0,5,0,0
"Casecomb",0,0,0,0,0,0,8,0,0
"Phylbotr",0,0,0,0,0,0,0,575,0
"Jatrgoss",0,0,0,0,0,0,0,16,329
"Sennspec",0,0,0,0,0,0,0,3,0
"Entecycl",0,0,0,0,0,0,0,9,0
"Gyroamer",0,0,0,0,0,7,0,21,0
"Quadindi",0,0,0,0,0,0,0,15,0
"Margmicr",0,0,0,0,0,0,0,34,0
"Annosqua",0,0,0,0,0,0,0,17,0
"Humbarbo",0,0,0,0,0,0,0,8,0
"Rosechry",0,0,0,0,0,0,0,4,0
"Machmori",0,0,0,0,0,0,0,26,0
"Cnidtubu",0,0,0,0,0,0,0,22,0
"Guetmala",0,1,0,0,0,0,0,242,0
"Platpinn",0,0,0,0,0,0,0,38,0
"Clusmino",0,0,0,0,0,0,5,1,0
"Aspicusp",0,0,0,1,3,0,0,25,0
"Cordsp",0,0,0,0,0,0,0,3,0
"Sennobtu",0,0,0,0,0,0,0,4,21
"Combspin",0,11,0,0,0,0,0,0,0
"Quarsp2",0,4,0,0,0,0,0,0,0
"Quasamar",0,2,0,0,0,0,0,0,0
"Tabesp",0,24,0,0,0,0,0,0,0
"Chamalti",0,11,0,0,0,1,0,0,0
"Xylosp1",0,5,0,0,0,0,0,0,0
"Aegilaet",18,3,0,0,0,0,0,1,0
"Rinosp",0,2,0,0,0,0,0,0,0
"Machsp3",0,3,0,0,0,0,0,0,0
"Indet91",0,1,0,0,0,1,0,0,0
"Bignsp2",0,8,0,0,0,9,0,0,0
"Cordsp2",0,1,0,0,0,0,0,0,0
"Randsp5",0,2,0,0,0,0,0,0,0
"Plateleg",0,1,0,0,0,0,0,0,0
"Quarsp1",0,2,0,0,0,0,0,0,0
"Alseblac",0,4,0,0,0,0,0,0,0
"Alibedul",0,1,0,0,0,0,0,0,0
"Loncatro",0,10,0,0,0,0,0,0,0
"Ingasp3",28,1,0,0,0,0,0,0,0
"Sipaguia",0,1,0,0,0,0,0,0,0
"Annosp2",0,8,0,0,0,0,0,0,0
"Allorace",0,6,0,1,0,1,0,0,0
"Nectsp1",0,1,0,0,0,3,0,0,0
"Randarma",0,2,0,0,2,0,0,0,0
"Ardifoet",0,1,0,0,0,0,0,0,0
"Ingasp5",0,1,0,0,0,0,0,0,0
"Senndari",0,0,2,0,0,0,0,0,0
"Oreoacer",0,0,3,0,0,0,0,0,0
"Pereangu",0,0,40,0,0,0,0,0,0
"Ficuobtu",0,0,2,0,0,0,0,0,0
"Annoquin",0,0,15,0,0,0,0,0,0
"Toxistri",0,0,2,0,0,0,0,0,0
"Nectline",0,0,2,0,65,0,0,0,0
"Pipesp4",0,0,5,0,0,0,0,0,0
"Hamepate",0,0,21,0,0,0,1,0,0
"Coffarab",0,0,15,0,0,0,0,0,0
"Chryarge",0,0,32,0,0,0,3,0,0
"Indet156",0,0,1,0,0,0,0,0,0
"Ingasp10",0,0,31,0,0,0,0,0,0
"Myrslati",0,0,31,0,0,0,0,0,0
"Calllehm",0,0,57,0,0,0,0,0,0
"Steiglan",0,0,1,0,0,0,0,0,0
"Fabasp3",0,0,2,0,0,0,0,0,0
"Callpitt",0,0,1,0,0,0,0,0,0
"Cosmgran",0,0,1,0,0,0,0,0,0
"Zantsp5",0,0,4,0,0,0,0,0,0
"Zantsp3",0,0,1,0,0,0,0,0,0
"Ingasp11",0,0,19,0,0,0,0,0,0
"Indet28",0,0,1,0,0,0,0,0,0
"Persamer",0,0,1,0,0,3,0,0,0
"Lanthaug",0,0,0,0,0,0,0,0,34
"Vachpenn",0,0,0,0,0,0,0,0,105
"Caescass",0,0,0,0,0,0,0,0,33
"Erytjaim",0,0,0,0,0,0,0,0,27
"Cynosp",0,0,0,0,0,0,0,0,138
"Schafrut",0,0,0,0,0,0,0,0,2
"Handchry",0,0,0,1,24,27,0,0,583
"Burstome",0,0,0,6,3,0,0,4,5
"Cniduren",0,0,0,0,0,0,0,0,13
"Laursp1",8,0,0,0,0,0,0,0,0
"Tetrvolu",23,0,0,0,0,4,0,0,0
"Marssp",1,0,0,0,0,0,0,0,0
"Ixorflor",3,0,0,0,0,0,0,0,0
"Schnguia",3,0,0,0,0,0,0,0,0
"Vitecomp",1,0,0,0,0,5,0,0,0
"Rudgsp",1,0,0,0,0,0,0,0,0
"Garcnuta",1,0,0,0,0,0,0,0,0
"Sabamaur",2,0,0,0,0,0,0,0,0
"Parasinu",2,0,0,0,0,0,0,0,0
"Indet87",1,0,0,0,0,0,0,0,0
"Poutsp1",5,0,0,0,0,0,0,0,0
"Ptersp2",1,0,0,0,0,0,0,0,0
"Luehspec",21,0,0,0,0,0,0,0,0
"Crescuje",0,0,0,0,1,0,0,0,0
"Cappsp2",0,0,0,0,3,0,0,0,0
"Muntcala",0,0,0,0,4,0,0,0,0
"Matasp",0,0,0,0,1,0,0,0,0
"Courferr",0,43,0,0,0,1,0,0,0
"Trigsp",0,1,0,0,0,0,0,0,0
"Indet31",0,1,0,0,0,0,0,0,0
"Caseprae",0,2,0,0,0,4,0,177,0
"Schnsp1",0,4,0,0,0,0,0,0,0
"Acalvill",0,6,0,9,0,0,0,0,0
"Pterrohr",0,1,0,0,0,0,0,0,0
"Guapsp2",0,4,0,0,0,0,0,0,0
"Schnsp2",0,3,0,0,0,0,0,0,0
"Brosguia",0,6,0,0,0,0,0,0,0
"Galisp",0,2,0,0,0,0,0,0,0
"Machsp10",0,1,0,0,0,0,0,0,0
"Swarsp2",0,20,0,0,0,0,0,0,0
"Senetama",0,2,0,0,0,13,0,0,0
"Senesp",0,4,0,0,0,0,0,0,0
"Indet122",0,1,0,0,0,0,0,0,0
"Indet134",0,2,0,0,0,0,0,0,0
"Indet138",0,2,0,1,0,0,0,0,0
"Cupasp1",0,17,0,0,0,0,0,0,0
"Indet82",0,1,0,0,0,0,0,0,0
"Indet83",0,1,0,0,0,0,0,0,0
"Fabasp2",0,1,0,0,0,6,0,0,0
"Verbsp",0,1,0,0,0,0,0,0,0
"Indet125",0,1,0,0,0,0,0,0,0
"Schnsp3",0,1,0,0,0,0,0,0,0
"Paulsp",0,1,0,0,0,0,0,0,0
"Myrofrut",0,2,0,0,0,0,0,0,0
"Cordsp3",0,3,0,0,0,0,0,0,0
"Glirsepi",0,17,0,0,0,1,0,0,0
"Sennsp3",0,3,0,0,0,0,0,0,0
"Seneripa",0,3,0,0,0,0,0,2,0
"Secudive",0,1,0,0,0,0,0,0,0
"Ptersp1",0,4,0,0,0,0,0,0,0
"Indet10",0,0,0,0,0,2,0,0,0
"Stigsp",0,0,0,0,0,4,0,0,0
"Tripsp2",0,0,0,0,0,4,0,0,0
"Pogospec",0,0,0,0,0,19,0,0,0
"Cavaplat",0,0,0,0,0,6,0,0,0
"Indet51",0,0,0,0,0,1,0,0,0
"Hamesp",0,0,0,0,0,5,0,0,0
"Abutgiga",0,0,0,0,0,1,0,0,0
"Jacasp",0,0,0,0,0,1,0,0,0
"Indet71",0,0,0,0,0,1,0,0,0
"Indet77",0,0,0,0,0,1,0,0,0
"Eugesp2",0,0,0,0,0,4,75,0,0
"Indet105",0,0,0,0,0,1,0,0,0
"Xylosp2",0,0,0,0,0,6,0,0,0
"Indet112",0,0,0,0,0,2,0,0,0
"Indet114",0,0,0,0,0,2,0,0,0
"Indet115",0,0,0,0,0,1,0,0,0
"Indet116",0,0,0,0,0,1,0,0,0
"Indet118",0,0,0,0,0,1,0,0,0
"Indet4",0,0,0,0,0,2,0,0,0
"Homarace",0,0,0,0,0,3,0,0,0
"Fabasp",0,0,0,0,0,15,0,0,0
"Bignsp3",0,0,0,0,0,1,0,0,0
"Machsp6",3,0,0,0,0,2,0,0,0
"Indet49",0,0,0,0,0,1,0,0,0
"Serjsp",3,0,0,3,0,3,0,0,0
"Cordsp4",0,0,0,0,0,13,0,0,0
"Machsp8",0,0,0,0,0,6,0,0,0
"Indet75",0,0,0,0,0,1,0,0,0
"Bignsp4",0,0,0,0,0,1,0,0,0
"Tripcumi",0,0,0,0,0,1,0,0,0
"Mandsp",0,0,0,0,0,2,0,0,0
"Machsp5",0,0,0,0,0,15,0,0,0
"Cnidsp",0,0,0,0,0,1,0,0,0
"Indet12",0,0,0,0,0,1,0,0,0
"Indet16",0,0,0,0,0,1,0,0,0
"Machsp7",0,0,0,0,0,16,0,0,0
"Bignsp5",0,0,0,0,0,4,0,0,0
"Centpara",0,0,0,0,0,8,28,0,0
"Entesp1",0,0,0,0,0,1,0,0,0
"Randsp1",0,0,0,0,0,1,0,0,0
"Albisp",0,0,0,0,0,1,0,0,0
"Rubisp",0,0,0,0,0,1,0,0,0
"Prissp",0,0,0,0,0,11,0,0,0
"Combdeca",0,0,0,0,0,2,0,0,0
"Indet2",0,0,0,0,0,1,0,0,0
"Guapsp1",0,0,0,0,0,2,0,0,0
"Alsemuti",0,0,0,0,0,8,0,0,0
"Ficubeng",0,0,0,0,0,1,0,0,0
"Byrscras",0,0,0,0,29,0,0,1,0
"Psycsp",0,0,0,5,10,0,5,0,0
"Xyloeleg",0,0,0,0,6,0,0,0,0
"Eugevene",0,0,0,142,77,0,0,0,0
"Entescho",0,0,0,0,11,0,0,0,0
"Broncorn",0,0,0,0,27,0,0,0,0
"Psidguin",0,0,0,2,4,0,0,4,0
"Cappsp1",0,0,0,0,3,0,0,0,0
"Eugebifl",0,0,0,18,2,0,0,0,0
"Ficusp1",0,0,0,0,6,1,0,0,0
"Banisp2",0,0,0,0,3,0,0,0,0
"Cordsp6",0,0,0,0,1,0,0,0,0
"Cordsp5",0,0,0,0,4,0,0,0,0
"Annosp3",0,0,0,0,1,0,0,0,0
"Guetrusb",0,0,0,0,18,0,1,0,0
"Zantsp2",0,0,0,0,2,0,0,0,0
"Crotfrag",0,0,0,0,5,0,0,0,0
"Jacacauc",0,0,0,0,12,0,0,0,0
"Hetelaur",0,0,0,0,2,0,0,0,0
"Crotgoss",0,0,0,0,1,3,0,0,0
"Indet167",0,0,0,0,1,0,0,0,0
"Machsp12",0,0,0,0,4,0,0,0,0
"Pouthisp",0,0,0,0,13,0,0,0,0
"Loncseri",0,0,0,0,15,0,0,0,0
"Neeasp",0,0,0,0,13,0,0,0,0
"Indet20",0,0,0,0,1,0,0,0,0
"Nectsp3",0,0,0,0,11,0,0,0,0
"Cestalte",0,0,0,0,1,0,0,0,0
"Crothibi",0,0,0,1,2,0,0,0,0
"Viteflav",0,0,0,0,6,0,0,0,0
"Indet34",0,0,0,0,1,0,0,0,0
"Machbiov",0,0,0,1,6,1,0,0,0
"Indet45",0,0,0,0,1,0,0,0,0
"Brossp2",0,0,0,0,1,0,0,0,0
"Handsp",2,0,0,0,1,0,0,0,0
"Randsp4",0,0,0,0,14,0,0,0,0
"Machgoud",0,0,0,0,6,0,0,0,0
"Loncsp",0,0,0,0,5,2,2,0,0
"Salasp2",0,0,0,0,25,0,0,0,0
"Melibiju",0,0,0,0,2,0,0,0,0
"Eugesp4",0,0,0,0,1,0,0,0,0
"Schnglab",0,0,0,0,5,0,0,0,0
"Chomsp",0,0,0,0,32,0,0,0,0
"Ampesp",0,0,0,0,12,0,0,0,0
"Crotschi",0,0,0,0,14,0,0,0,0
"Randsp2",0,0,0,0,5,0,0,0,0
"Amphpani",0,0,0,0,7,0,0,0,0
"Machglab",0,0,0,0,1,0,0,0,0
"Iserhaen",9,0,0,0,0,0,0,0,0
"Entesp2",5,0,0,0,0,0,0,0,0
"Solasp1",2,0,0,0,0,0,0,0,0
"Paripach",5,0,0,0,0,0,0,0,0
"Gouapoly",12,0,0,0,0,0,0,0,0
"Pipesp3",3,0,0,0,0,0,0,0,0
"Theocaca",4,0,0,0,0,0,0,0,0
"Myrisp",1,0,0,0,0,0,0,0,0
"Prioaspe",6,0,0,0,0,0,0,0,0
"Machsp9",2,0,0,0,0,0,0,0,0
"Poutsp2",2,0,0,0,0,0,0,0,0
"Cissvert",3,0,0,0,0,0,0,1,0
"Xylotess",3,0,0,0,0,0,0,0,0
"Mangindi",4,0,0,0,0,0,0,0,0
"Hirttria",7,0,0,0,0,3,0,0,0
"Indet36",1,0,0,0,0,0,0,0,0
"Ochrpyra",2,0,0,0,0,0,1,0,0
"Bixaorel",8,0,0,0,0,0,0,0,0
"Cordsp1",6,0,0,0,0,0,0,0,0
"Indet47",1,0,0,0,0,0,0,0,0
"Indet48",1,0,0,0,0,0,0,0,0
"Indet72",1,0,0,0,0,0,0,0,0
"Indet76",1,0,0,0,0,0,0,0,0
"Indet81",1,0,0,0,0,0,0,0,0
"Indet90",1,0,0,0,0,0,0,0,0
"Indet139",2,0,0,0,0,0,0,0,0
"Abutibar",0,0,0,0,0,0,0,0,4
"Crotlept",0,0,0,0,0,0,0,1,0
"Zantmart",0,0,0,0,0,0,0,25,0
"Sponradl",0,0,0,0,0,0,0,2,0
"Eugesp",0,0,0,0,0,0,0,1,0
"Aralexce",0,0,0,0,0,0,0,11,0
"Paulcuru",0,0,0,0,0,0,0,5,0
"Hymecour",0,0,0,0,0,0,0,4,0
"Forsaffi",0,0,0,0,0,0,0,10,0
"Pipepioj",0,0,0,0,0,0,0,10,0
"Urercara",0,0,0,0,0,0,0,5,0
"Pipetube",0,0,0,0,0,0,0,1,0
"Machsp11",0,0,0,2,0,0,0,0,0
"Xylosp3",0,0,0,1,0,0,0,0,0
"Zantlent",0,0,0,4,0,0,0,0,0
"Clussp1",0,0,0,1,0,0,0,0,0
"Zantacum",0,0,0,6,0,0,0,0,0
"Pachsuba",0,0,0,1,0,0,0,0,0
"Eugeflav",0,0,0,5,0,0,0,0,0
"Indet144",0,0,0,1,0,0,0,0,0
"Bauhpict",0,0,0,0,0,0,1,0,0
"Dalbfrut",0,0,0,0,0,0,1,0,0
"Vismbacc",0,0,0,0,0,0,5,0,0
"Sennmult",0,0,0,0,0,0,1,0,0
"Lepisp",0,0,0,0,0,0,1,0,0
"Termamaz",0,0,0,0,0,3,9,0,0
"Cuparufe",0,0,0,0,0,0,1,0,0
"Acalmacr",0,0,0,0,0,4,1,0,0
"Guadangu",0,0,0,0,0,0,129,0,0
"Dendcauc",0,0,0,0,0,0,15,0,0
"Psycmicr",0,0,0,0,0,0,1,0,0
"Ormosp3",0,0,0,0,0,0,1,0,0
"Ficusp",0,0,0,0,0,0,1,0,0
"Annosp",0,0,0,0,0,0,1,0,0
"Swarampl",0,0,0,0,0,0,5,0,0
"Desmorth",0,0,0,0,0,0,1,0,0
"Ocotlong",0,0,0,0,0,0,9,0,0
"Aiphacul",0,0,0,0,0,0,15,0,0
"Cespspat",0,0,0,0,0,0,7,0,0
"Urerverr",0,0,0,0,0,0,2,0,0
"Mucuuren",0,0,0,0,0,0,1,0,0
"Cupasylv",0,0,0,0,0,0,2,0,0
"Tabemark",0,0,0,0,0,0,1,0,0
"Ocotalni",0,0,0,0,0,0,2,0,0
"Hasssp",0,0,0,0,0,0,2,0,0
"Callterg",0,0,0,0,0,0,74,0,0
"Ormosp2",0,0,0,0,0,0,2,0,0
"Aphesp",0,0,0,0,0,3,1,0,0
"Laursp5",0,0,0,18,0,0,0,0,0
"Ingasp8",0,0,0,1,0,0,0,0,0
"Sipasess",0,0,0,2,0,0,0,0,0
"Helispru",0,0,0,2,0,0,0,0,0
"Sapisp2",0,0,0,1,0,0,0,0,0
"Cupasp2",0,0,0,7,0,0,0,0,0
"Pilogoud",0,0,0,104,0,0,0,0,0
"Laursp6",0,0,0,20,0,0,0,0,0
"Indet22",0,0,0,1,0,0,0,0,0
"Myrssp",0,0,0,5,0,0,0,0,0
"Indet50",0,0,0,1,0,0,0,0,0
"Clussp2",0,0,0,7,0,0,0,0,0
"Petrmayn",0,0,0,16,0,0,0,0,0
"Ficusp6",0,0,0,3,0,0,0,0,0
"Pithlanc",0,0,0,28,0,0,0,0,0
"Indet7",0,0,0,1,0,0,0,0,0
"Vascgoud",0,0,0,1,0,0,0,0,0
"Vachsp",0,0,0,1,0,0,0,0,0
"Bonatric",0,0,0,0,0,0,0,3,0
"Hirasp",0,0,0,0,0,0,0,6,0
"Nectlaur",0,0,0,0,0,8,0,0,0
"Annosp4",0,0,0,0,0,2,0,0,0
"Parasp",0,0,0,0,0,4,0,0,0
"Peltsp",0,0,0,0,0,1,0,0,0
"Cestschl",0,0,0,0,0,1,0,0,0
"Esenpent",0,0,0,0,0,7,0,0,0
"Poutdurl",0,0,0,0,0,11,0,0,0
"Swarsp3",0,0,0,0,0,2,0,0,0
"Browsp",0,0,0,0,0,4,0,0,0
"Pachquin",0,0,0,0,0,2,0,0,0
"Ingasp7",0,0,0,0,0,4,0,0,0
"Bactsp3",0,0,0,0,0,1,0,0,0
"Ipombata",0,0,0,0,0,3,0,0,0
"Pipesp2",0,0,0,0,0,1,0,0,0
"Nectcusp",0,0,0,0,0,1,0,0,0
"Erytsp1",0,0,0,0,0,8,0,0,0
"Crotsp1",0,0,0,0,0,4,0,0,0
"Ingasp6",0,0,0,0,0,5,0,0,0
"Solasp2",0,0,0,0,0,1,0,0,0
"Zygisp",0,0,0,0,0,14,0,0,0
"Soursymp",0,0,0,0,0,2,0,0,0
"Tetrsp1",0,0,0,0,0,2,0,0,0
"Andiiner",0,0,0,0,0,3,0,0,0
"Chiocomp",0,0,0,0,0,4,0,0,0
"Clusuvit",0,0,0,0,0,1,0,0,0
"Erytsp2",0,0,0,0,0,4,0,0,0
"Mucumuti",0,0,0,0,0,2,0,0,0
"Banisp1",0,0,0,0,0,2,0,0,0
"Piptsp",0,0,0,0,0,1,0,0,0
"Salasp1",0,0,0,0,0,2,0,0,0
"Cassgran",0,0,0,0,0,1,0,0,0
"Indet6",0,0,0,0,0,1,0,0,0
"Chrosp",0,0,0,0,0,2,0,0,0
"Morasp",0,0,0,0,0,2,0,0,0
"Henrgoud",0,0,0,0,0,1,0,0,0
"Pipesp1",0,0,0,0,0,1,0,0,0
"Pipeadun",0,0,0,0,0,3,0,0,0
"Pachsess",0,0,0,0,0,2,0,0,0
"Indet95",0,0,0,0,0,1,0,0,0
"Indet98",0,0,0,0,0,1,0,0,0
"Erytfusc",0,0,0,0,2,0,0,0,0
"Randsp3",0,0,0,0,4,0,0,0,0
"Zantquin",0,0,0,0,8,0,0,0,0
"Neeaspru",0,0,0,0,1,0,0,0,0
"Apocsp3",0,0,0,0,1,0,0,0,0
