"","Estacion","State","Species","Trans","Number"
"1","Censo","Huila","Acromyrmex nobilis","High",3
"2","Censo","Huila","Acromyrmex octospinosus","High",1
"3","Censo","Tolima","Acromyrmex octospinosus","High",1
"4","Censo","Valle","Acromyrmex octospinosus","High",2
"5","Recenso","Valle","Acromyrmex octospinosus","High",1
"6","Recenso","Valle","Acropyga fuhrmanni","High",10
"7","Censo","Guajira","Acropyga smithi","High",9
"8","recenso","Guajira","Acropyga smithi","High",2
"9","Censo","Guajira","Anochetus diegensis","High",9
"10","recenso","Guajira","Anochetus diegensis","High",7
"11","Censo","Valle","Anochetus diegensis","High",22
"12","Recenso","Valle","Anochetus diegensis","High",9
"13","Censo","Bolivar","Anochetus emarginatus","High",1
"14","Censo","Bolivar","Anochetus inermis","High",1
"15","Censo","Guajira","Anochetus mayri","High",1
"16","Censo","Valle","Anochetus mayri","High",7
"17","Recenso","Valle","Anochetus mayri","High",4
"18","Recenso","Huila","Anochetus simoni","High",5
"19","Censo","Bolivar","Apterostigma dentigerum","High",3
"20","Recenso","Bolivar","Apterostigma dentigerum","High",1
"21","Censo","Bolivar","Apterostigma pilosum","High",1
"22","Censo","Guajira","Apterostigma pilosum","High",1
"23","recenso","Guajira","Atta cephalotes","High",1
"24","Censo","Huila","Atta cephalotes","High",3
"25","Censo","Valle","Atta cephalotes","High",26
"26","Recenso","Valle","Atta cephalotes","High",18
"27","Censo","Bolivar","Atta colombica","High",1
"28","Recenso","Bolivar","Atta colombica","High",3
"29","Censo","Tolima","Atta colombica","High",1
"30","Recenso","Tolima","Atta colombica","High",2
"31","Recenso","Valle","Atta colombica","High",1
"32","Recenso","Huila","Azteca alfari","High",1
"33","Censo","Valle","Azteca schumanni","High",1
"34","Recenso","Valle","Azteca schumanni","High",1
"35","Censo","Bolivar","Azteca velox","High",1
"36","Recenso","Bolivar","Brachymyrmex heeri","High",12
"37","Censo","Huila","Brachymyrmex heeri","High",70
"38","Recenso","Huila","Brachymyrmex heeri","High",9
"39","Recenso","Tolima","Brachymyrmex heeri","High",19
"40","Censo","Valle","Brachymyrmex heeri","High",51
"41","Recenso","Valle","Brachymyrmex heeri","High",20
"42","Recenso","Bolivar","Brachymyrmex incisus","High",2
"43","Censo","Huila","Brachymyrmex incisus","High",8
"44","Censo","Bolivar","Camponotus","High",1
"45","Censo","Bolivar","Camponotus bidens","High",1
"46","Censo","Bolivar","Camponotus brevis","High",1
"47","Censo","Huila","Camponotus brevis","High",1
"48","Recenso","Huila","Camponotus brevis","High",2
"49","Censo","Valle","Camponotus brevis","High",2
"50","Censo","Guajira","Camponotus claviscapus","High",1
"51","Censo","Bolivar","Camponotus coruscus","High",2
"52","Censo","Huila","Camponotus coruscus","High",3
"53","Recenso","Huila","Camponotus coruscus","High",3
"54","Censo","Bolivar","Camponotus fastigatus","High",1
"55","recenso","Guajira","Camponotus planatus","High",1
"56","Censo","Bolivar","Camponotus zonatus","High",1
"57","Censo","Tolima","Cardiocondyla nuda","High",6
"58","Censo","Valle","Cardiocondyla wroughtoni","High",1
"59","Recenso","Valle","Cardiocondyla wroughtoni","High",16
"60","Censo","Valle","Carebara brevipilosa","High",627
"61","Recenso","Valle","Carebara brevipilosa","High",209
"62","Censo","Guajira","Carebara urichi","High",1
"63","Censo","Bolivar","Cephalotes colombica","High",1
"64","Censo","Valle","Cephalotes maculatus","High",1
"65","Recenso","Bolivar","Cephalotes minutus","High",1
"66","Recenso","Bolivar","Crematogaster","High",37
"67","recenso","Guajira","Crematogaster","High",1
"68","Censo","Huila","Crematogaster","High",21
"69","Recenso","Huila","Crematogaster","High",3
"70","Censo","Valle","Crematogaster","High",42
"71","Recenso","Valle","Crematogaster","High",24
"72","Censo","Bolivar","Crematogaster crinosa","High",2
"73","Censo","Bolivar","Crematogaster curvispinosa","High",1
"74","Censo","Bolivar","Crematogaster erecta","High",5
"75","Censo","Bolivar","Crematogaster limata","High",5
"76","recenso","Guajira","Cyphomyrmex cf. major","High",1
"77","Censo","Bolivar","Cyphomyrmex costatus","High",1
"78","Recenso","Bolivar","Cyphomyrmex costatus","High",2
"79","Censo","Guajira","Cyphomyrmex costatus","High",4
"80","recenso","Guajira","Cyphomyrmex costatus","High",3
"81","Recenso","Tolima","Cyphomyrmex costatus","High",45
"82","Censo","Bolivar","Cyphomyrmex minutus","High",3
"83","Censo","Guajira","Cyphomyrmex minutus","High",27
"84","recenso","Guajira","Cyphomyrmex minutus","High",18
"85","Recenso","Bolivar","Cyphomyrmex rimosus","High",6
"86","Censo","Huila","Cyphomyrmex rimosus","High",3
"87","Recenso","Huila","Cyphomyrmex rimosus","High",139
"88","Censo","Tolima","Cyphomyrmex rimosus","High",41
"89","Recenso","Tolima","Cyphomyrmex rimosus","High",51
"90","Censo","Valle","Cyphomyrmex rimosus","High",213
"91","Recenso","Valle","Cyphomyrmex rimosus","High",220
"92","Recenso","Bolivar","Discothyrea","High",2
"93","Censo","Huila","Discothyrea","High",1
"94","Recenso","Tolima","Discothyrea","High",5
"95","Censo","Valle","Discothyrea","High",3
"96","Censo","Guajira","Discothyrea horni","High",3
"97","recenso","Guajira","Discothyrea horni","High",1
"98","Censo","Bolivar","Discothyrea neotropica","High",1
"99","Censo","Guajira","Discothyrea neotropica","High",6
"100","recenso","Guajira","Discothyrea neotropica","High",3
"101","Censo","Bolivar","Dolichoderus bispinosus","High",1
"102","Censo","Huila","Dolichoderus bispinosus","High",33
"103","Recenso","Huila","Dolichoderus bispinosus","High",3
"104","Censo","Valle","Dolichoderus bispinosus","High",1
"105","Recenso","Valle","Dolichoderus bispinosus","High",1
"106","Censo","Valle","Dorymyrmex brunneus","High",58
"107","Recenso","Valle","Dorymyrmex brunneus","High",129
"108","Censo","Bolivar","Dorymyrmex tuberosus","High",1
"109","Recenso","Bolivar","Dorymyrmex tuberosus","High",3
"110","Censo","Bolivar","Ectatomma ruidum","High",16
"111","Recenso","Bolivar","Ectatomma ruidum","High",130
"112","Censo","Guajira","Ectatomma ruidum","High",46
"113","recenso","Guajira","Ectatomma ruidum","High",24
"114","Censo","Huila","Ectatomma ruidum","High",207
"115","Recenso","Huila","Ectatomma ruidum","High",195
"116","Censo","Tolima","Ectatomma ruidum","High",472
"117","Recenso","Tolima","Ectatomma ruidum","High",357
"118","Censo","Valle","Ectatomma ruidum","High",6
"119","Recenso","Valle","Ectatomma ruidum","High",18
"120","Censo","Bolivar","Ectatomma tuberculatum","High",3
"121","Recenso","Bolivar","Ectatomma tuberculatum","High",2
"122","Censo","Guajira","Ectatomma tuberculatum","High",3
"123","recenso","Guajira","Ectatomma tuberculatum","High",1
"124","Recenso","Huila","Ectatomma tuberculatum","High",1
"125","Censo","Valle","Ectatomma tuberculatum","High",2
"126","Recenso","Valle","Ectatomma tuberculatum","High",2
"127","Censo","Guajira","Europalothrix pililufera","High",1
"128","Censo","Valle","Fulakora orizabana","High",1
"129","Censo","Valle","Gnamptogenys","High",38
"130","Recenso","Valle","Gnamptogenys","High",2
"131","Censo","Guajira","Gnamptogenys hartmanni","High",1
"132","Censo","Valle","Gnamptogenys horni","High",42
"133","Recenso","Valle","Gnamptogenys horni","High",65
"134","Censo","Guajira","Gnamptogenys regularis","High",2
"135","Censo","Valle","Gnamptogenys striatula","High",689
"136","Recenso","Valle","Gnamptogenys striatula","High",446
"137","Censo","Guajira","Gnamptogenys triangularis","High",1
"138","Censo","Valle","Heteroponera microps","High",2
"139","Censo","Bolivar","Hylomyrma reitteri","High",9
"140","Recenso","Tolima","Hypoponera","High",21
"141","Censo","Valle","Hypoponera","High",155
"142","Recenso","Valle","Hypoponera","High",144
"143","Recenso","Bolivar","Hypoponera opacior","High",6
"144","Recenso","Huila","Hypoponera opacior","High",1
"145","Recenso","Huila","Hypoponera parva","High",3
"146","Censo","Bolivar","Labidus coecus","High",1
"147","Censo","Guajira","Labidus coecus","High",7
"148","recenso","Guajira","Labidus coecus","High",3
"149","Censo","Tolima","Labidus coecus","High",3
"150","Censo","Valle","Labidus coecus","High",7
"151","Recenso","Valle","Labidus coecus","High",2
"152","Censo","Guajira","Leptogenys cf erugata","High",1
"153","Censo","Tolima","Linepithema neotropicum","High",203
"154","Recenso","Tolima","Linepithema neotropicum","High",58
"155","Censo","Valle","Linepithema neotropicum","High",35
"156","Recenso","Valle","Linepithema neotropicum","High",32
"157","Censo","Bolivar","Megalomyrmex silvestrii","High",1
"158","Censo","Guajira","Megalomyrmex silvestrii","High",2
"159","recenso","Guajira","Megalomyrmex silvestrii","High",3
"160","Censo","Huila","Megalomyrmex silvestrii","High",2
"161","Recenso","Tolima","Megalomyrmex silvestrii","High",5
"162","Recenso","Valle","Megalomyrmex silvestrii","High",1
"163","Censo","Bolivar","Monomorium floricola","High",1
"164","Recenso","Huila","Monomorium floricola","High",5
"165","Censo","Tolima","Monomorium floricola","High",7
"166","Censo","Valle","Monomorium floricola","High",1
"167","Recenso","Valle","Monomorium floricola","High",4
"168","Recenso","Valle","Mycocepurus smithii","High",1
"169","Recenso","Huila","Myrmicocrypta urichi","High",30
"170","Censo","Tolima","Myrmicocrypta urichi","High",6
"171","Recenso","Tolima","Myrmicocrypta urichi","High",9
"172","Recenso","Valle","Myrmicocrypta urichi","High",1
"173","Censo","Valle","Neivamyrmex alfaroi","High",3
"174","Censo","Guajira","Neivamyrmex cf. swainsonii","High",1
"175","Recenso","Tolima","Neivamyrmex humilis","High",1
"176","Censo","Valle","Neivamyrmex humilis","High",1
"177","Recenso","Bolivar","Neivamyrmex swainsonii","High",1
"178","Censo","Valle","Neivamyrmex swainsonii","High",5
"179","Censo","Bolivar","Neoponera apicalis","High",2
"180","Recenso","Bolivar","Neoponera apicalis","High",5
"181","Recenso","Valle","Neoponera laevigata","High",1
"182","Censo","Guajira","Neoponera verenae","High",2
"183","Censo","Valle","Nesomyrmex pleuriticus","High",1
"184","Recenso","Bolivar","Nylanderia nodifera","High",160
"185","Censo","Huila","Nylanderia nodifera","High",36
"186","Recenso","Huila","Nylanderia nodifera","High",90
"187","Recenso","Tolima","Nylanderia nodifera","High",2
"188","Censo","Valle","Nylanderia nodifera","High",84
"189","Recenso","Valle","Nylanderia nodifera","High",34
"190","Censo","Bolivar","Nylanderia steinheili","High",1
"191","Censo","Guajira","Nylanderia steinheili","High",35
"192","recenso","Guajira","Nylanderia steinheili","High",15
"193","Censo","Guajira","Octostruma","High",1
"194","recenso","Guajira","Octostruma","High",1
"195","Censo","Bolivar","Octostruma amrishi","High",3
"196","Censo","Guajira","Octostruma amrishi","High",12
"197","recenso","Guajira","Octostruma amrishi","High",8
"198","Censo","Bolivar","Octostruma balzani","High",1
"199","Censo","Guajira","Octostruma balzani","High",9
"200","recenso","Guajira","Octostruma balzani","High",4
"201","Recenso","Valle","Octostruma balzani","High",1
"202","Recenso","Bolivar","Octostruma iheringi","High",4
"203","Censo","Guajira","Octostruma iheringi","High",4
"204","Recenso","Huila","Octostruma iheringi","High",3
"205","Censo","Guajira","Octostruma impresa","High",2
"206","Censo","Bolivar","Odontomachus bauri","High",10
"207","Recenso","Bolivar","Odontomachus bauri","High",54
"208","Censo","Guajira","Odontomachus bauri","High",10
"209","recenso","Guajira","Odontomachus bauri","High",9
"210","Censo","Huila","Odontomachus bauri","High",22
"211","Recenso","Huila","Odontomachus bauri","High",41
"212","Censo","Tolima","Odontomachus bauri","High",6
"213","Recenso","Tolima","Odontomachus bauri","High",15
"214","Censo","Valle","Odontomachus chelifer","High",50
"215","Recenso","Valle","Odontomachus chelifer","High",26
"216","Censo","Valle","Odontomachus erythrocephalus","High",5
"217","Recenso","Valle","Odontomachus erythrocephalus","High",11
"218","Censo","Bolivar","Pachycondyla harpax","High",8
"219","Recenso","Bolivar","Pachycondyla harpax","High",18
"220","Censo","Guajira","Pachycondyla harpax","High",21
"221","recenso","Guajira","Pachycondyla harpax","High",8
"222","Censo","Huila","Pachycondyla harpax","High",1
"223","Recenso","Huila","Pachycondyla harpax","High",4
"224","Censo","Valle","Pachycondyla harpax","High",27
"225","Recenso","Valle","Pachycondyla harpax","High",25
"226","Censo","Bolivar","Pachycondyla impressa","High",3
"227","Recenso","Bolivar","Pachycondyla impressa","High",13
"228","Censo","Guajira","Pachycondyla impressa","High",5
"229","recenso","Guajira","Pachycondyla impressa","High",3
"230","Censo","Huila","Pachycondyla impressa","High",4
"231","Censo","Valle","Pachycondyla impressa","High",5
"232","Recenso","Valle","Pachycondyla impressa","High",10
"233","Censo","Huila","Paratrechina longicornis","High",3
"234","Recenso","Huila","Paratrechina longicornis","High",6
"235","Censo","Tolima","Paratrechina longicornis","High",57
"236","Recenso","Tolima","Paratrechina longicornis","High",16
"237","Censo","Valle","Paratrechina longicornis","High",12
"238","Recenso","Bolivar","Pheidole","High",50
"239","Censo","Huila","Pheidole","High",54
"240","Recenso","Huila","Pheidole","High",101
"241","Censo","Tolima","Pheidole","High",49
"242","Recenso","Tolima","Pheidole","High",75
"243","Censo","Valle","Pheidole","High",124
"244","Recenso","Valle","Pheidole","High",91
"245","Censo","Bolivar","Pheidole scalaris","High",5
"246","Censo","Guajira","Pheidole scalaris","High",9
"247","recenso","Guajira","Pheidole scalaris","High",2
"248","Recenso","Bolivar","Pogonomyrmex mayri","High",22
"249","recenso","Guajira","Probolomyrmex boliviensis","High",1
"250","Censo","Valle","Probolomyrmex boliviensis","High",1
"251","Censo","Huila","Pseudomyrmex boopis","High",2
"252","Recenso","Huila","Pseudomyrmex boopis","High",5
"253","Censo","Valle","Pseudomyrmex boopis","High",4
"254","Censo","Bolivar","Rasopone arhuaca","High",8
"255","Recenso","Bolivar","Rasopone arhuaca","High",14
"256","Censo","Guajira","Rasopone arhuaca","High",6
"257","recenso","Guajira","Rasopone arhuaca","High",5
"258","Recenso","Huila","Rasopone arhuaca","High",1
"259","Recenso","Tolima","Rasopone arhuaca","High",7
"260","Censo","Valle","Rasopone ferruginea","High",3
"261","Censo","Guajira","Rhopalothrix isthmica","High",3
"262","Censo","Guajira","Rogeria belti","High",4
"263","recenso","Guajira","Rogeria belti","High",2
"264","Censo","Guajira","Rogeria curvipubens","High",23
"265","recenso","Guajira","Rogeria curvipubens","High",12
"266","Censo","Huila","Rogeria curvipubens","High",1
"267","Recenso","Huila","Rogeria curvipubens","High",1
"268","Censo","Tolima","Rogeria curvipubens","High",2
"269","Recenso","Tolima","Rogeria curvipubens","High",27
"270","Censo","Valle","Rogeria curvipubens","High",15
"271","Recenso","Valle","Rogeria curvipubens","High",18
"272","Recenso","Bolivar","Rogeria foreli","High",13
"273","Censo","Guajira","Rogeria foreli","High",11
"274","recenso","Guajira","Rogeria foreli","High",3
"275","Censo","Huila","Rogeria foreli","High",6
"276","Recenso","Huila","Rogeria foreli","High",8
"277","Censo","Tolima","Rogeria foreli","High",4
"278","Censo","Valle","Rogeria foreli","High",119
"279","Recenso","Valle","Rogeria foreli","High",103
"280","Recenso","Bolivar","Sericomyrmex amabilis","High",4
"281","Censo","Guajira","Sericomyrmex amabilis","High",1
"282","Censo","Huila","Sericomyrmex amabilis","High",4
"283","Recenso","Huila","Sericomyrmex amabilis","High",14
"284","Recenso","Tolima","Sericomyrmex amabilis","High",9
"285","Censo","Valle","Sericomyrmex amabilis","High",84
"286","Recenso","Valle","Sericomyrmex amabilis","High",104
"287","Recenso","Bolivar","Solenopsis","High",35
"288","recenso","Guajira","Solenopsis","High",1
"289","Censo","Huila","Solenopsis","High",19
"290","Recenso","Huila","Solenopsis","High",54
"291","Censo","Tolima","Solenopsis","High",34
"292","Recenso","Tolima","Solenopsis","High",45
"293","Censo","Valle","Solenopsis","High",112
"294","Recenso","Valle","Solenopsis","High",87
"295","Censo","Bolivar","Solenopsis altinodis","High",6
"296","Censo","Guajira","Solenopsis bicolor","High",1
"297","Censo","Guajira","Solenopsis cf. picea","High",3
"298","recenso","Guajira","Solenopsis cf. picea","High",2
"299","Censo","Bolivar","Solenopsis geminata","High",4
"300","Censo","Guajira","Solenopsis pigmea","High",9
"301","recenso","Guajira","Solenopsis pigmea","High",2
"302","Censo","Bolivar","Solenopsis pollux","High",4
"303","Censo","Guajira","Solenopsis pollux","High",19
"304","recenso","Guajira","Solenopsis pollux","High",9
"305","Censo","Bolivar","Solenopsis stricta","High",1
"306","Censo","Guajira","Solenopsis subterrranea","High",15
"307","Censo","Guajira","Solenopsis vinsoni","High",3
"308","recenso","Guajira","Solenopsis vinsoni","High",1
"309","Recenso","Bolivar","Strumigenys deltisquama","High",3
"310","Censo","Guajira","Strumigenys deltisquama","High",11
"311","recenso","Guajira","Strumigenys deltisquama","High",4
"312","Censo","Huila","Strumigenys deltisquama","High",7
"313","Recenso","Huila","Strumigenys deltisquama","High",14
"314","Censo","Guajira","Strumigenys eggersi","High",16
"315","recenso","Guajira","Strumigenys eggersi","High",9
"316","Censo","Bolivar","Strumigenys elongata","High",2
"317","Recenso","Bolivar","Strumigenys elongata","High",3
"318","Censo","Guajira","Strumigenys elongata","High",18
"319","recenso","Guajira","Strumigenys elongata","High",9
"320","Recenso","Huila","Strumigenys elongata","High",7
"321","Recenso","Tolima","Strumigenys elongata","High",22
"322","Censo","Valle","Strumigenys elongata","High",88
"323","Recenso","Valle","Strumigenys elongata","High",1
"324","Recenso","Bolivar","Strumigenys grytava","High",13
"325","Censo","Guajira","Strumigenys grytava","High",19
"326","recenso","Guajira","Strumigenys grytava","High",7
"327","Recenso","Huila","Strumigenys grytava","High",9
"328","Censo","Valle","Strumigenys grytava","High",9
"329","Recenso","Valle","Strumigenys grytava","High",7
"330","Recenso","Bolivar","Strumigenys gundlachi","High",17
"331","Recenso","Huila","Strumigenys gundlachi","High",27
"332","Recenso","Tolima","Strumigenys gundlachi","High",30
"333","Censo","Valle","Strumigenys gundlachi","High",146
"334","Recenso","Valle","Strumigenys gundlachi","High",157
"335","Censo","Guajira","Strumigenys marginiventris","High",1
"336","recenso","Guajira","Strumigenys marginiventris","High",2
"337","Recenso","Huila","Strumigenys perparva","High",19
"338","Recenso","Valle","Strumigenys perparva","High",14
"339","Censo","Bolivar","Tapinoma cf. ramulorum","High",2
"340","Recenso","Bolivar","Tapinoma melanocephalum","High",1
"341","Censo","Guajira","Tapinoma melanocephalum","High",3
"342","Censo","Huila","Tapinoma melanocephalum","High",64
"343","Censo","Tolima","Tapinoma melanocephalum","High",11
"344","Recenso","Valle","Tapinoma melanocephalum","High",1
"345","Censo","Huila","Temnothorax subditivus","High",1
"346","Censo","Tolima","Temnothorax subditivus","High",2
"347","Recenso","Tolima","Temnothorax subditivus","High",1
"348","Censo","Valle","Temnothorax subditivus","High",38
"349","Recenso","Valle","Temnothorax subditivus","High",13
"350","Censo","Valle","Tetramorium simillimum","High",1
"351","Censo","Guajira","Thaumatomyrmex zeteki","High",2
"352","Censo","Valle","Thaumatomyrmex zeteki","High",1
"353","Censo","Bolivar","Trachymyrmex bugnioni","High",7
"354","Recenso","Bolivar","Trachymyrmex bugnioni","High",3
"355","Censo","Guajira","Trachymyrmex bugnioni","High",5
"356","recenso","Guajira","Trachymyrmex bugnioni","High",1
"357","Censo","Bolivar","Trachymyrmex cornetzi","High",1
"358","Recenso","Bolivar","Trachymyrmex cornetzi","High",1
"359","Censo","Guajira","Trachymyrmex cornetzi","High",11
"360","recenso","Guajira","Trachymyrmex cornetzi","High",3
"361","Recenso","Huila","Trachymyrmex cornetzi","High",7
"362","Censo","Valle","Trachymyrmex cornetzi","High",8
"363","Recenso","Valle","Trachymyrmex cornetzi","High",4
"364","Censo","Huila","Trachymyrmex irmgardae","High",2
"365","Recenso","Huila","Trachymyrmex irmgardae","High",10
"366","Recenso","Tolima","Trachymyrmex irmgardae","High",23
"367","Recenso","Valle","Trachymyrmex irmgardae","High",1
"368","Censo","Bolivar","Trachymyrmex urichi","High",1
"369","Censo","Guajira","Tranopelta gilva","High",1
"370","recenso","Guajira","Tranopelta gilva","High",1
"371","Censo","Huila","Tranopelta gilva","High",1
"372","Recenso","Huila","Tranopelta gilva","High",2
"373","Censo","Valle","Tranopelta gilva","High",9
"374","Censo","Bolivar","Trichomyrmex destructor","High",1
"375","Recenso","Bolivar","Trichomyrmex destructor","High",1
"376","Censo","Guajira","Trichomyrmex destructor","High",2
"377","recenso","Guajira","Trichomyrmex destructor","High",1
"378","Censo","Tolima","Trichomyrmex destructor","High",4
"379","Censo","Bolivar","Wasmannia auropunctata","High",2
"380","Recenso","Bolivar","Wasmannia auropunctata","High",15
"381","Censo","Guajira","Wasmannia auropunctata","High",47
"382","recenso","Guajira","Wasmannia auropunctata","High",29
"383","Censo","Huila","Wasmannia auropunctata","High",65
"384","Recenso","Huila","Wasmannia auropunctata","High",38
"385","Recenso","Tolima","Wasmannia auropunctata","High",210
"386","Censo","Valle","Wasmannia auropunctata","High",4703
"387","Recenso","Valle","Wasmannia auropunctata","High",4156
"388","Recenso","Tolima","Acromyrmex nobilis","Low",1
"389","Censo","Bolivar","Acromyrmex octospinosus","Low",1
"390","Censo","Huila","Acromyrmex octospinosus","Low",1
"391","Recenso","Tolima","Acromyrmex octospinosus","Low",2
"392","Censo","Bolivar","Acropyga exsanguis","Low",1
"393","Recenso","Bolivar","Acropyga exsanguis","Low",3
"394","Censo","Guajira","Acropyga smithi","Low",22
"395","recenso","Guajira","Acropyga smithi","Low",18
"396","Censo","Bolivar","Anochetus diegensis","Low",4
"397","Recenso","Bolivar","Anochetus diegensis","Low",13
"398","Censo","Guajira","Anochetus diegensis","Low",12
"399","recenso","Guajira","Anochetus diegensis","Low",11
"400","Recenso","Huila","Anochetus simoni","Low",4
"401","Recenso","Tolima","Anochetus simoni","Low",2
"402","Censo","Guajira","Apterostigma","Low",1
"403","Censo","Bolivar","Apterostigma dentigerum","Low",2
"404","Censo","Guajira","Apterostigma dentigerum","Low",1
"405","Censo","Bolivar","Apterostigma pilosum","Low",1
"406","Censo","Guajira","Apterostigma pilosum","Low",3
"407","recenso","Guajira","Apterostigma pilosum","Low",2
"408","Censo","Guajira","Atta cephalotes","Low",1
"409","Censo","Huila","Atta cephalotes","Low",245
"410","Censo","Bolivar","Atta colombica","Low",4
"411","Recenso","Bolivar","Atta colombica","Low",3
"412","Recenso","Huila","Atta colombica","Low",8
"413","Recenso","Tolima","Atta colombica","Low",4
"414","recenso","Guajira","Brachymyrmex","Low",1
"415","Censo","Bolivar","Brachymyrmex cavernicola","Low",1
"416","Recenso","Bolivar","Brachymyrmex heeri","Low",1
"417","Censo","Huila","Brachymyrmex heeri","Low",3
"418","Recenso","Huila","Brachymyrmex heeri","Low",14
"419","Censo","Tolima","Brachymyrmex heeri","Low",1
"420","Censo","Bolivar","Camponotus atriceps","Low",1
"421","Censo","Bolivar","Camponotus brettesi","Low",4
"422","Censo","Huila","Camponotus brevis","Low",1
"423","Recenso","Huila","Camponotus brevis","Low",2
"424","Censo","Guajira","Camponotus linnaei","Low",1
"425","Censo","Guajira","Carebara brevipilosa","Low",2
"426","Censo","Guajira","Carebara urichi","Low",3
"427","recenso","Guajira","Carebara urichi","Low",1
"428","Recenso","Huila","Carebara urichi","Low",8
"429","Censo","Bolivar","Cephalotes atratus","Low",2
"430","Censo","Guajira","Cephalotes atratus","Low",1
"431","Censo","Bolivar","Cephalotes minutus","Low",1
"432","Censo","Bolivar","Cephalotes porrasi","Low",1
"433","Recenso","Bolivar","Crematogaster","Low",45
"434","Censo","Huila","Crematogaster","Low",3
"435","Recenso","Huila","Crematogaster","Low",2
"436","Recenso","Tolima","Crematogaster","Low",4
"437","recenso","Guajira","Crematogaster curvispinosa","Low",1
"438","Censo","Bolivar","Crematogaster flavosensitiva","Low",4
"439","Censo","Guajira","Crematogaster flavosensitiva","Low",4
"440","Censo","Bolivar","Crematogaster limata","Low",1
"441","Censo","Guajira","Crematogaster rochai","Low",3
"442","recenso","Guajira","Crematogaster rochai","Low",3
"443","Censo","Guajira","Cyphomyrmex","Low",1
"444","Censo","Bolivar","Cyphomyrmex costatus","Low",1
"445","Recenso","Bolivar","Cyphomyrmex costatus","Low",8
"446","Censo","Guajira","Cyphomyrmex costatus","Low",10
"447","recenso","Guajira","Cyphomyrmex costatus","Low",7
"448","Censo","Tolima","Cyphomyrmex costatus","Low",2
"449","Recenso","Tolima","Cyphomyrmex costatus","Low",18
"450","Censo","Bolivar","Cyphomyrmex minutus","Low",4
"451","Censo","Guajira","Cyphomyrmex minutus","Low",21
"452","recenso","Guajira","Cyphomyrmex minutus","Low",22
"453","Recenso","Bolivar","Cyphomyrmex rimosus","Low",18
"454","Censo","Huila","Cyphomyrmex rimosus","Low",1
"455","Recenso","Huila","Cyphomyrmex rimosus","Low",106
"456","Censo","Tolima","Cyphomyrmex rimosus","Low",10
"457","Recenso","Tolima","Cyphomyrmex rimosus","Low",9
"458","Recenso","Bolivar","Discothyrea","Low",4
"459","Recenso","Huila","Discothyrea","Low",5
"460","Censo","Guajira","Discothyrea horni","Low",1
"461","Censo","Guajira","Discothyrea humilis","Low",1
"462","Censo","Guajira","Discothyrea neotropica","Low",8
"463","recenso","Guajira","Discothyrea neotropica","Low",2
"464","Recenso","Bolivar","Dolichoderus bispinosus","Low",2
"465","Censo","Huila","Dolichoderus bispinosus","Low",1
"466","recenso","Guajira","Dolichoderus lutosus","Low",1
"467","recenso","Guajira","Eciton mexicanum","Low",1
"468","Censo","Guajira","Eciton vagans","Low",1
"469","Censo","Huila","Ectatomma confine","Low",111
"470","Recenso","Huila","Ectatomma confine","Low",39
"471","Censo","Bolivar","Ectatomma ruidum","Low",9
"472","Recenso","Bolivar","Ectatomma ruidum","Low",32
"473","Censo","Guajira","Ectatomma ruidum","Low",29
"474","recenso","Guajira","Ectatomma ruidum","Low",26
"475","Censo","Tolima","Ectatomma ruidum","Low",388
"476","Recenso","Tolima","Ectatomma ruidum","Low",40
"477","Censo","Bolivar","Ectatomma tuberculatum","Low",1
"478","Censo","Guajira","Ectatomma tuberculatum","Low",2
"479","recenso","Guajira","Ectatomma tuberculatum","Low",1
"480","recenso","Guajira","Fulakora lurilabes","Low",1
"481","Censo","Guajira","Gnamptogenys ca interrupta","Low",2
"482","Censo","Guajira","Gnamptogenys haenschi","Low",2
"483","Censo","Guajira","Gnamptogenys minuta","Low",1
"484","recenso","Guajira","Gnamptogenys minuta","Low",1
"485","Censo","Guajira","Gnamptogenys regularis","Low",1
"486","Censo","Bolivar","Gnamptogenys triangularis","Low",1
"487","Censo","Guajira","Gnamptogenys triangularis","Low",1
"488","recenso","Guajira","Gnamptogenys triangularis","Low",1
"489","Censo","Guajira","Hylomyrma columbica","Low",1
"490","recenso","Guajira","Hylomyrma columbica","Low",1
"491","Recenso","Bolivar","Hylomyrma reitteri","Low",1
"492","Recenso","Tolima","Hypoponera","Low",18
"493","Recenso","Bolivar","Hypoponera opacior","Low",30
"494","Recenso","Huila","Hypoponera opacior","Low",4
"495","Recenso","Bolivar","Labidus coecus","Low",26
"496","Censo","Guajira","Labidus coecus","Low",1
"497","recenso","Guajira","Labidus coecus","Low",4
"498","Censo","Tolima","Labidus coecus","Low",3
"499","recenso","Guajira","Leptogenys gorgona","Low",1
"500","Censo","Guajira","Leptogenys pubiceps","Low",1
"501","Recenso","Bolivar","Linepithema neotropicum","Low",2
"502","Censo","Huila","Linepithema neotropicum","Low",1
"503","Recenso","Huila","Linepithema neotropicum","Low",34
"504","Censo","Tolima","Linepithema neotropicum","Low",47
"505","Recenso","Tolima","Linepithema neotropicum","Low",1
"506","Censo","Bolivar","Mayaponera constricta","Low",3
"507","Recenso","Bolivar","Mayaponera constricta","Low",4
"508","Censo","Guajira","Mayaponera constricta","Low",1
"509","recenso","Guajira","Mayaponera constricta","Low",2
"510","Censo","Bolivar","Megalomyrmex drifti","Low",2
"511","Recenso","Bolivar","Megalomyrmex longinoi","Low",14
"512","Censo","Bolivar","Megalomyrmex silvestrii","Low",1
"513","Recenso","Bolivar","Megalomyrmex silvestrii","Low",4
"514","Censo","Guajira","Megalomyrmex silvestrii","Low",4
"515","recenso","Guajira","Megalomyrmex silvestrii","Low",2
"516","Recenso","Tolima","Megalomyrmex silvestrii","Low",1
"517","Censo","Bolivar","Monomorium floricola","Low",1
"518","Recenso","Bolivar","Monomorium floricola","Low",1
"519","recenso","Guajira","Monomorium floricola","Low",1
"520","Censo","Tolima","Monomorium floricola","Low",5
"521","recenso","Guajira","Monomorium pharaoinis","Low",1
"522","Censo","Guajira","Mycocepurus smithii","Low",1
"523","Recenso","Huila","Mycocepurus smithii","Low",1
"524","Recenso","Bolivar","Myrmicocrypta urichi","Low",3
"525","Recenso","Huila","Myrmicocrypta urichi","Low",4
"526","Censo","Tolima","Myrmicocrypta urichi","Low",6
"527","Recenso","Tolima","Myrmicocrypta urichi","Low",20
"528","recenso","Guajira","Neivamyrmex cf. swainsonii","Low",1
"529","Censo","Bolivar","Neivamyrmex iridescens","Low",1
"530","recenso","Guajira","Neivamyrmex iridescens","Low",2
"531","recenso","Guajira","Neocerapachys neotropicus","Low",1
"532","Censo","Bolivar","Neoponera apicalis","Low",2
"533","Recenso","Bolivar","Neoponera laevigata","Low",1
"534","Censo","Guajira","Neoponera verenae","Low",2
"535","recenso","Guajira","Neoponera verenae","Low",5
"536","Recenso","Huila","Neoponera verenae","Low",1
"537","recenso","Guajira","Nomamyrmex esenbeekii","Low",1
"538","Recenso","Bolivar","Nylanderia nodifera","Low",189
"539","Censo","Huila","Nylanderia nodifera","Low",25
"540","Recenso","Huila","Nylanderia nodifera","Low",87
"541","Censo","Tolima","Nylanderia nodifera","Low",1
"542","Recenso","Tolima","Nylanderia nodifera","Low",7
"543","Censo","Bolivar","Nylanderia steinheili","Low",12
"544","Censo","Guajira","Nylanderia steinheili","Low",20
"545","recenso","Guajira","Nylanderia steinheili","Low",10
"546","Censo","Bolivar","Octostruma amrishi","Low",10
"547","Censo","Guajira","Octostruma amrishi","Low",1
"548","recenso","Guajira","Octostruma amrishi","Low",4
"549","Censo","Bolivar","Octostruma balzani","Low",5
"550","Censo","Guajira","Octostruma balzani","Low",1
"551","recenso","Guajira","Octostruma balzani","Low",3
"552","Recenso","Huila","Octostruma balzani","Low",1
"553","Censo","Guajira","Octostruma iheringi","Low",11
"554","recenso","Guajira","Octostruma iheringi","Low",6
"555","Recenso","Huila","Octostruma iheringi","Low",2
"556","Censo","Bolivar","Octostruma impresa","Low",1
"557","Censo","Bolivar","Odontomachus bauri","Low",18
"558","Recenso","Bolivar","Odontomachus bauri","Low",32
"559","Censo","Guajira","Odontomachus bauri","Low",29
"560","recenso","Guajira","Odontomachus bauri","Low",13
"561","Censo","Huila","Odontomachus bauri","Low",32
"562","Recenso","Huila","Odontomachus bauri","Low",11
"563","Censo","Tolima","Odontomachus bauri","Low",19
"564","Recenso","Tolima","Odontomachus bauri","Low",33
"565","Censo","Bolivar","Odontomachus chelifer","Low",7
"566","Recenso","Bolivar","Odontomachus chelifer","Low",21
"567","Recenso","Bolivar","Odontomachus meinerti","Low",1
"568","Censo","Bolivar","Pachycondyla harpax","Low",13
"569","Recenso","Bolivar","Pachycondyla harpax","Low",23
"570","Censo","Guajira","Pachycondyla harpax","Low",37
"571","recenso","Guajira","Pachycondyla harpax","Low",24
"572","Censo","Huila","Pachycondyla harpax","Low",2
"573","Recenso","Huila","Pachycondyla harpax","Low",7
"574","Recenso","Tolima","Pachycondyla harpax","Low",7
"575","Censo","Bolivar","Pachycondyla impressa","Low",5
"576","Recenso","Bolivar","Pachycondyla impressa","Low",12
"577","Censo","Guajira","Pachycondyla impressa","Low",7
"578","recenso","Guajira","Pachycondyla impressa","Low",3
"579","Censo","Huila","Pachycondyla impressa","Low",18
"580","Recenso","Huila","Pachycondyla impressa","Low",7
"581","Recenso","Bolivar","Paratrechina longicornis","Low",21
"582","Censo","Tolima","Paratrechina longicornis","Low",5
"583","Recenso","Bolivar","Pheidole","Low",79
"584","Censo","Huila","Pheidole","Low",33
"585","Recenso","Huila","Pheidole","Low",90
"586","Censo","Tolima","Pheidole","Low",53
"587","Recenso","Tolima","Pheidole","Low",77
"588","Censo","Bolivar","Pheidole scalaris","Low",8
"589","Censo","Guajira","Pheidole scalaris","Low",15
"590","recenso","Guajira","Pheidole scalaris","Low",10
"591","Censo","Bolivar","Probolomyrmex boliviensis","Low",1
"592","Recenso","Bolivar","Probolomyrmex boliviensis","Low",1
"593","Censo","Guajira","Probolomyrmex boliviensis","Low",1
"594","Censo","Huila","Pseudomyrmex boopis","Low",1
"595","Recenso","Huila","Pseudomyrmex boopis","Low",1
"596","Recenso","Tolima","Pseudomyrmex boopis","Low",1
"597","Censo","Bolivar","Rasopone arhuaca","Low",3
"598","Recenso","Bolivar","Rasopone arhuaca","Low",2
"599","Censo","Guajira","Rasopone arhuaca","Low",1
"600","recenso","Guajira","Rasopone arhuaca","Low",1
"601","Censo","Bolivar","Rasopone ferruginea","Low",1
"602","Recenso","Bolivar","Rasopone ferruginea","Low",1
"603","Censo","Guajira","Rasopone ferruginea","Low",1
"604","Censo","Bolivar","Rogeria belti","Low",1
"605","Censo","Guajira","Rogeria belti","Low",17
"606","recenso","Guajira","Rogeria belti","Low",12
"607","Censo","Guajira","Rogeria curvipubens","Low",15
"608","recenso","Guajira","Rogeria curvipubens","Low",9
"609","Recenso","Huila","Rogeria curvipubens","Low",2
"610","Censo","Tolima","Rogeria curvipubens","Low",13
"611","Recenso","Tolima","Rogeria curvipubens","Low",1
"612","Censo","Bolivar","Rogeria foreli","Low",2
"613","Censo","Guajira","Rogeria foreli","Low",18
"614","recenso","Guajira","Rogeria foreli","Low",10
"615","Recenso","Tolima","Rogeria foreli","Low",1
"616","Censo","Bolivar","Sericomyrmex amabilis","Low",5
"617","Recenso","Bolivar","Sericomyrmex amabilis","Low",12
"618","Censo","Guajira","Sericomyrmex amabilis","Low",1
"619","recenso","Guajira","Sericomyrmex amabilis","Low",1
"620","Recenso","Tolima","Sericomyrmex amabilis","Low",1
"621","Recenso","Bolivar","Sericomyrmex mayri","Low",12
"622","Censo","Bolivar","Sericomyrmex opacus","Low",1
"623","Recenso","Bolivar","Sericomyrmex parvulus","Low",2
"624","Recenso","Bolivar","Solenopsis","Low",40
"625","Censo","Huila","Solenopsis","Low",1
"626","Recenso","Huila","Solenopsis","Low",35
"627","Censo","Tolima","Solenopsis","Low",29
"628","Recenso","Tolima","Solenopsis","Low",45
"629","Censo","Bolivar","Solenopsis altinodis","Low",6
"630","Censo","Bolivar","Solenopsis azteca","Low",4
"631","Censo","Guajira","Solenopsis azteca","Low",2
"632","recenso","Guajira","Solenopsis azteca","Low",1
"633","Censo","Bolivar","Solenopsis brevicornis","Low",5
"634","recenso","Guajira","Solenopsis cf. picea","Low",1
"635","Censo","Bolivar","Solenopsis geminata","Low",1
"636","Censo","Bolivar","Solenopsis pigmea","Low",2
"637","Censo","Guajira","Solenopsis pigmea","Low",7
"638","Censo","Bolivar","Solenopsis pollux","Low",11
"639","Censo","Guajira","Solenopsis pollux","Low",13
"640","recenso","Guajira","Solenopsis pollux","Low",11
"641","Censo","Bolivar","Solenopsis subterrranea","Low",1
"642","Censo","Guajira","Solenopsis subterrranea","Low",12
"643","recenso","Guajira","Solenopsis subterrranea","Low",2
"644","Censo","Bolivar","Solenopsis vinsoni","Low",2
"645","Censo","Guajira","Solenopsis vinsoni","Low",6
"646","recenso","Guajira","Solenopsis vinsoni","Low",6
"647","Censo","Bolivar","Strumigenys deltisquama","Low",1
"648","Recenso","Bolivar","Strumigenys deltisquama","Low",1
"649","Censo","Guajira","Strumigenys deltisquama","Low",10
"650","recenso","Guajira","Strumigenys deltisquama","Low",7
"651","Censo","Bolivar","Strumigenys denticulata","Low",2
"652","Censo","Guajira","Strumigenys denticulata","Low",1
"653","Censo","Guajira","Strumigenys eggersi","Low",2
"654","recenso","Guajira","Strumigenys eggersi","Low",5
"655","Recenso","Bolivar","Strumigenys elongata","Low",7
"656","Censo","Guajira","Strumigenys elongata","Low",12
"657","recenso","Guajira","Strumigenys elongata","Low",10
"658","Recenso","Huila","Strumigenys elongata","Low",6
"659","Recenso","Tolima","Strumigenys elongata","Low",1
"660","Recenso","Bolivar","Strumigenys grytava","Low",7
"661","Censo","Guajira","Strumigenys grytava","Low",2
"662","recenso","Guajira","Strumigenys grytava","Low",3
"663","Recenso","Bolivar","Strumigenys gundlachi","Low",10
"664","Recenso","Huila","Strumigenys gundlachi","Low",7
"665","Recenso","Tolima","Strumigenys gundlachi","Low",23
"666","Censo","Guajira","Strumigenys lanuginosa","Low",2
"667","recenso","Guajira","Strumigenys lanuginosa","Low",4
"668","recenso","Guajira","Strumigenys margaritae","Low",1
"669","Recenso","Bolivar","Strumigenys marginiventris","Low",2
"670","Censo","Guajira","Strumigenys marginiventris","Low",3
"671","recenso","Guajira","Strumigenys marginiventris","Low",3
"672","Censo","Huila","Strumigenys marginiventris","Low",1
"673","Recenso","Huila","Strumigenys marginiventris","Low",1
"674","Recenso","Tolima","Strumigenys marginiventris","Low",3
"675","Recenso","Bolivar","Strumigenys perparva","Low",11
"676","Recenso","Huila","Strumigenys perparva","Low",13
"677","Censo","Guajira","Strumigenys spathula","Low",1
"678","recenso","Guajira","Strumigenys spathula","Low",1
"679","Censo","Bolivar","Strumigenys zeteki","Low",2
"680","Censo","Guajira","Strumigenys zeteki","Low",2
"681","Censo","Bolivar","Syscia tolteca","Low",1
"682","Censo","Bolivar","Tapinoma cf. ramulorum","Low",2
"683","recenso","Guajira","Tapinoma melanocephalum","Low",1
"684","Censo","Huila","Tapinoma melanocephalum","Low",3
"685","Censo","Tolima","Tapinoma melanocephalum","Low",1
"686","Censo","Huila","Tetramorium bicarinatum","Low",1
"687","Recenso","Huila","Tetramorium bicarinatum","Low",2
"688","Censo","Huila","Tetramorium simillimum","Low",1
"689","Censo","Bolivar","Thaumatomyrmex zeteki","Low",1
"690","Recenso","Huila","Thaumatomyrmex zeteki","Low",2
"691","Censo","Bolivar","Trachymyrmex bugnioni","Low",2
"692","Recenso","Bolivar","Trachymyrmex bugnioni","Low",2
"693","Recenso","Huila","Trachymyrmex bugnioni","Low",1
"694","Censo","Bolivar","Trachymyrmex cornetzi","Low",1
"695","Recenso","Bolivar","Trachymyrmex cornetzi","Low",1
"696","Censo","Guajira","Trachymyrmex cornetzi","Low",2
"697","recenso","Guajira","Trachymyrmex cornetzi","Low",1
"698","Recenso","Huila","Trachymyrmex irmgardae","Low",1
"699","Censo","Tolima","Trachymyrmex irmgardae","Low",2
"700","Recenso","Tolima","Trachymyrmex irmgardae","Low",8
"701","Censo","Bolivar","Tranopelta gilva","Low",4
"702","Recenso","Bolivar","Tranopelta gilva","Low",1
"703","Censo","Tolima","Tranopelta gilva","Low",23
"704","Recenso","Bolivar","Trichomyrmex destructor","Low",1
"705","Censo","Guajira","Trichomyrmex destructor","Low",1
"706","recenso","Guajira","Trichomyrmex destructor","Low",5
"707","Censo","Tolima","Trichomyrmex destructor","Low",5
"708","Censo","Bolivar","Wasmannia auropunctata","Low",6
"709","Recenso","Bolivar","Wasmannia auropunctata","Low",10
"710","Censo","Guajira","Wasmannia auropunctata","Low",49
"711","recenso","Guajira","Wasmannia auropunctata","Low",42
"712","Censo","Huila","Wasmannia auropunctata","Low",1
"713","Recenso","Huila","Wasmannia auropunctata","Low",255
"714","Censo","Tolima","Wasmannia auropunctata","Low",2
"715","Recenso","Tolima","Wasmannia auropunctata","Low",99
"716","Censo","Cesar","Acromyrmex","Med",1
"717","Censo","Cesar","Acromyrmex coronatus","Med",1
"718","Censo","Tolima","Acromyrmex nobilis","Med",1
"719","Recenso","Tolima","Acromyrmex nobilis","Med",1
"720","Censo","Guajira","Acromyrmex octospinosus","Med",2
"721","Recenso","Cesar","Acromyrmex santschii","Med",1
"722","Censo","Bolivar","Acropyga exsanguis","Med",1
"723","recenso","Cesar","Acropyga exsanguis","Med",2
"724","recenso","Cesar","Acropyga fuhrmanni","Med",2
"725","Censo","Guajira","Acropyga goeldii","Med",1
"726","recenso","Cesar","Acropyga smithi","Med",3
"727","Censo","Guajira","Acropyga smithi","Med",12
"728","recenso","Guajira","Acropyga smithi","Med",4
"729","Censo","Bolivar","Anochetus diegensis","Med",3
"730","recenso","Cesar","Anochetus diegensis","Med",3
"731","Recenso","Cesar","Anochetus diegensis","Med",2
"732","Censo","Guajira","Anochetus diegensis","Med",17
"733","recenso","Guajira","Anochetus diegensis","Med",3
"734","Censo","Bolivar","Anochetus inermis","Med",1
"735","Censo","Cesar","Anochetus inermis","Med",6
"736","Recenso","Cesar","Anochetus inermis","Med",22
"737","recenso","Guajira","Anochetus mayri","Med",1
"738","Recenso","Huila","Anochetus simoni","Med",1
"739","Censo","Tolima","Anochetus simoni","Med",3
"740","Censo","Guajira","Apterostigma","Med",1
"741","Censo","Bolivar","Apterostigma dentigerum","Med",1
"742","Censo","Bolivar","Apterostigma pilosum","Med",1
"743","Censo","Guajira","Apterostigma pilosum","Med",5
"744","recenso","Guajira","Apterostigma pilosum","Med",1
"745","recenso","Guajira","Atta","Med",1
"746","recenso","Cesar","Atta cephalotes","Med",9
"747","Recenso","Cesar","Atta cephalotes","Med",28
"748","Recenso","Huila","Atta cephalotes","Med",18
"749","Censo","Bolivar","Atta colombica","Med",3
"750","Recenso","Bolivar","Atta colombica","Med",527
"751","Censo","Guajira","Atta colombica","Med",3
"752","recenso","Guajira","Atta colombica","Med",3
"753","Censo","Huila","Atta colombica","Med",12
"754","Censo","Tolima","Atta colombica","Med",12
"755","recenso","Cesar","Azteca alfaroi","Med",1
"756","Censo","Bolivar","Brachymyrmex cavernicola","Med",2
"757","Recenso","Bolivar","Brachymyrmex heeri","Med",1
"758","Recenso","Cesar","Brachymyrmex heeri","Med",44
"759","Censo","Huila","Brachymyrmex heeri","Med",31
"760","Recenso","Huila","Brachymyrmex heeri","Med",4
"761","Censo","Tolima","Brachymyrmex heeri","Med",3
"762","Recenso","Tolima","Brachymyrmex heeri","Med",2
"763","Censo","Huila","Brachymyrmex incisus","Med",15
"764","Censo","Cesar","Camponotus","Med",1
"765","recenso","Cesar","Camponotus brettesi","Med",1
"766","Recenso","Huila","Camponotus brevis","Med",1
"767","Censo","Bolivar","Camponotus coruscus","Med",1
"768","Censo","Cesar","Camponotus coruscus","Med",1
"769","recenso","Guajira","Camponotus planatus","Med",1
"770","Censo","Bolivar","Camponotus sennex","Med",1
"771","Recenso","Tolima","Cardiocondyla nuda","Med",3
"772","Recenso","Cesar","Carebara brevipilosa","Med",6
"773","recenso","Guajira","Carebara brevipilosa","Med",1
"774","Censo","Bolivar","Carebara urichi","Med",1
"775","Recenso","Cesar","Carebara urichi","Med",23
"776","Censo","Guajira","Carebara urichi","Med",1
"777","recenso","Guajira","Carebara urichi","Med",1
"778","Censo","Huila","Carebara urichi","Med",8
"779","Recenso","Huila","Carebara urichi","Med",6
"780","Censo","Cesar","Centromyrmex brachycola","Med",1
"781","Censo","Bolivar","Cephalotes atratus","Med",1
"782","Censo","Guajira","Cephalotes atratus","Med",2
"783","Censo","Cesar","Cephalotes colombica","Med",1
"784","Recenso","Bolivar","Cephalotes minutus","Med",1
"785","Recenso","Cesar","Cephalotes minutus","Med",4
"786","Censo","Guajira","Cephalotes minutus","Med",2
"787","recenso","Guajira","Cephalotes minutus","Med",1
"788","Recenso","Huila","Cephalotes minutus","Med",4
"789","Recenso","Tolima","Cephalotes minutus","Med",1
"790","Recenso","Bolivar","Crematogaster","Med",80
"791","Recenso","Cesar","Crematogaster","Med",7
"792","Censo","Huila","Crematogaster","Med",3
"793","Recenso","Huila","Crematogaster","Med",7
"794","Censo","Tolima","Crematogaster","Med",2
"795","Recenso","Tolima","Crematogaster","Med",2
"796","Censo","Cesar","Crematogaster carinata","Med",1
"797","recenso","Cesar","Crematogaster carinata","Med",11
"798","recenso","Guajira","Crematogaster cf. tenuicula","Med",1
"799","Censo","Cesar","Crematogaster crinosa","Med",1
"800","Censo","Cesar","Crematogaster curvispinosa","Med",1
"801","Censo","Guajira","Crematogaster curvispinosa","Med",1
"802","Censo","Bolivar","Crematogaster erecta","Med",1
"803","Censo","Bolivar","Crematogaster flavosensitiva","Med",5
"804","recenso","Cesar","Crematogaster flavosensitiva","Med",2
"805","Censo","Guajira","Crematogaster flavosensitiva","Med",10
"806","recenso","Guajira","Crematogaster flavosensitiva","Med",1
"807","Censo","Bolivar","Crematogaster limata","Med",13
"808","Censo","Bolivar","Crematogaster nigropilosa","Med",4
"809","recenso","Cesar","Crematogaster nigropilosa","Med",4
"810","recenso","Guajira","Crematogaster rochai","Med",1
"811","Censo","Cesar","Cyphomyrmex","Med",3
"812","recenso","Cesar","Cyphomyrmex","Med",1
"813","Censo","Cesar","Cyphomyrmex cf. dixus","Med",3
"814","Censo","Bolivar","Cyphomyrmex costatus","Med",1
"815","Recenso","Cesar","Cyphomyrmex costatus","Med",1
"816","Censo","Guajira","Cyphomyrmex costatus","Med",20
"817","recenso","Guajira","Cyphomyrmex costatus","Med",7
"818","Censo","Tolima","Cyphomyrmex costatus","Med",1
"819","Recenso","Tolima","Cyphomyrmex costatus","Med",8
"820","Censo","Bolivar","Cyphomyrmex minutus","Med",1
"821","Censo","Cesar","Cyphomyrmex minutus","Med",2
"822","Censo","Guajira","Cyphomyrmex minutus","Med",15
"823","recenso","Guajira","Cyphomyrmex minutus","Med",3
"824","Recenso","Bolivar","Cyphomyrmex rimosus","Med",10
"825","Censo","Cesar","Cyphomyrmex rimosus","Med",1
"826","Recenso","Cesar","Cyphomyrmex rimosus","Med",58
"827","Censo","Guajira","Cyphomyrmex rimosus","Med",1
"828","Censo","Huila","Cyphomyrmex rimosus","Med",5
"829","Recenso","Huila","Cyphomyrmex rimosus","Med",133
"830","Censo","Tolima","Cyphomyrmex rimosus","Med",8
"831","Recenso","Tolima","Cyphomyrmex rimosus","Med",2
"832","Recenso","Bolivar","Discothyrea","Med",3
"833","Recenso","Cesar","Discothyrea","Med",1
"834","Recenso","Huila","Discothyrea","Med",4
"835","Censo","Guajira","Discothyrea horni","Med",2
"836","Censo","Bolivar","Discothyrea humilis","Med",1
"837","Censo","Bolivar","Discothyrea neotropica","Med",2
"838","Censo","Guajira","Discothyrea neotropica","Med",4
"839","Censo","Bolivar","Dolichoderus bispinosus","Med",4
"840","Recenso","Bolivar","Dolichoderus bispinosus","Med",3
"841","Censo","Guajira","Dolichoderus bispinosus","Med",1
"842","recenso","Guajira","Dolichoderus bispinosus","Med",1
"843","Censo","Huila","Dolichoderus bispinosus","Med",97
"844","Recenso","Huila","Dolichoderus bispinosus","Med",22
"845","Censo","Bolivar","Dolichoderus imitator","Med",1
"846","Recenso","Bolivar","Eciton burchellii","Med",1
"847","Censo","Huila","Ectatomma confine","Med",27
"848","Recenso","Huila","Ectatomma confine","Med",16
"849","Censo","Bolivar","Ectatomma ruidum","Med",11
"850","Recenso","Bolivar","Ectatomma ruidum","Med",20
"851","Censo","Cesar","Ectatomma ruidum","Med",68
"852","recenso","Cesar","Ectatomma ruidum","Med",6
"853","Recenso","Cesar","Ectatomma ruidum","Med",498
"854","Censo","Guajira","Ectatomma ruidum","Med",6
"855","recenso","Guajira","Ectatomma ruidum","Med",12
"856","Recenso","Huila","Ectatomma ruidum","Med",2
"857","Censo","Tolima","Ectatomma ruidum","Med",99
"858","Recenso","Tolima","Ectatomma ruidum","Med",209
"859","Censo","Bolivar","Ectatomma tuberculatum","Med",1
"860","Censo","Cesar","Ectatomma tuberculatum","Med",2
"861","Censo","Guajira","Ectatomma tuberculatum","Med",1
"862","recenso","Guajira","Ectatomma tuberculatum","Med",1
"863","Censo","Huila","Ectatomma tuberculatum","Med",4
"864","Censo","Cesar","Forelius damiani","Med",1
"865","recenso","Guajira","Fulakora lurilabes","Med",1
"866","Censo","Guajira","Gnamptogenys ca interrupta","Med",1
"867","recenso","Cesar","Gnamptogenys haenschi","Med",1
"868","Censo","Cesar","Gnamptogenys hartmanni","Med",1
"869","Censo","Guajira","Gnamptogenys minuta","Med",1
"870","Censo","Guajira","Gnamptogenys regularis","Med",1
"871","Recenso","Cesar","Gnamptogenys striatula","Med",1
"872","Censo","Guajira","Gnamptogenys striatula","Med",4
"873","recenso","Guajira","Gnamptogenys striatula","Med",2
"874","Censo","Bolivar","Gnamptogenys triangularis","Med",1
"875","Censo","Guajira","Hylomyrma columbica","Med",4
"876","recenso","Guajira","Hylomyrma columbica","Med",4
"877","Censo","Bolivar","Hylomyrma reitteri","Med",19
"878","Recenso","Cesar","Hypoponera","Med",4
"879","Recenso","Tolima","Hypoponera","Med",3
"880","Recenso","Bolivar","Hypoponera opacior","Med",18
"881","Recenso","Cesar","Hypoponera opacior","Med",25
"882","Recenso","Huila","Hypoponera opacior","Med",12
"883","Recenso","Cesar","Hypoponera parva","Med",2
"884","Censo","Bolivar","Labidus coecus","Med",2
"885","Recenso","Cesar","Labidus coecus","Med",9
"886","recenso","Guajira","Labidus coecus","Med",7
"887","Censo","Tolima","Labidus coecus","Med",1
"888","Recenso","Cesar","Labidus praedator","Med",12
"889","recenso","Cesar","Leptogenys cf cuadrata","Med",3
"890","Censo","Bolivar","Leptogenys ritae","Med",1
"891","Recenso","Bolivar","Linepithema neotropicum","Med",1
"892","recenso","Cesar","Linepithema neotropicum","Med",3
"893","Recenso","Cesar","Linepithema neotropicum","Med",2
"894","Censo","Huila","Linepithema neotropicum","Med",30
"895","Recenso","Huila","Linepithema neotropicum","Med",3
"896","Censo","Tolima","Linepithema neotropicum","Med",36
"897","Recenso","Tolima","Linepithema neotropicum","Med",8
"898","Censo","Bolivar","Mayaponera constricta","Med",3
"899","Recenso","Cesar","Mayaponera constricta","Med",9
"900","recenso","Guajira","Megalomyrmex drifti","Med",1
"901","Recenso","Cesar","Megalomyrmex incisus","Med",16
"902","Censo","Cesar","Megalomyrmex silvestrii","Med",1
"903","recenso","Cesar","Megalomyrmex silvestrii","Med",1
"904","Censo","Guajira","Megalomyrmex silvestrii","Med",1
"905","Recenso","Bolivar","Monomorium floricola","Med",1
"906","Recenso","Cesar","Monomorium floricola","Med",1
"907","Recenso","Huila","Monomorium floricola","Med",1
"908","Recenso","Tolima","Monomorium floricola","Med",13
"909","recenso","Guajira","Monomorium pharaoinis","Med",1
"910","Censo","Bolivar","Mycocepurus curvispinosus","Med",1
"911","Recenso","Bolivar","Mycocepurus smithii","Med",1
"912","Censo","Cesar","Myrmicocrypta","Med",1
"913","Recenso","Cesar","Myrmicocrypta urichi","Med",1
"914","Recenso","Huila","Myrmicocrypta urichi","Med",4
"915","Censo","Tolima","Myrmicocrypta urichi","Med",4
"916","Recenso","Tolima","Myrmicocrypta urichi","Med",13
"917","recenso","Cesar","Neivamyrmex cf. swainsonii","Med",1
"918","Recenso","Cesar","Neivamyrmex emersoni","Med",2
"919","Censo","Bolivar","Neivamyrmex humilis","Med",1
"920","Censo","Guajira","Neocerapachys neotropicus","Med",1
"921","Censo","Bolivar","Neoponera apicalis","Med",6
"922","recenso","Cesar","Neoponera verenae","Med",2
"923","Recenso","Cesar","Neoponera verenae","Med",7
"924","Censo","Guajira","Neoponera verenae","Med",3
"925","recenso","Guajira","Neoponera verenae","Med",1
"926","Censo","Huila","Neoponera verenae","Med",5
"927","Recenso","Huila","Neoponera verenae","Med",1
"928","Recenso","Huila","Nesomyrmex pleuriticus","Med",1
"929","Censo","Tolima","Nesomyrmex pleuriticus","Med",1
"930","recenso","Cesar","Nomamyrmex esenbeekii","Med",1
"931","Censo","Guajira","Nomamyrmex esenbeekii","Med",1
"932","recenso","Cesar","Nylanderia fulva","Med",2
"933","Recenso","Bolivar","Nylanderia nodifera","Med",100
"934","Recenso","Cesar","Nylanderia nodifera","Med",42
"935","Censo","Huila","Nylanderia nodifera","Med",57
"936","Recenso","Huila","Nylanderia nodifera","Med",149
"937","Censo","Tolima","Nylanderia nodifera","Med",8
"938","Recenso","Tolima","Nylanderia nodifera","Med",8
"939","Censo","Bolivar","Nylanderia steinheili","Med",4
"940","recenso","Cesar","Nylanderia steinheili","Med",5
"941","Censo","Guajira","Nylanderia steinheili","Med",14
"942","recenso","Guajira","Nylanderia steinheili","Med",4
"943","Censo","Bolivar","Octostruma","Med",1
"944","Censo","Bolivar","Octostruma amrishi","Med",4
"945","Censo","Cesar","Octostruma amrishi","Med",1
"946","Censo","Guajira","Octostruma amrishi","Med",16
"947","recenso","Guajira","Octostruma amrishi","Med",8
"948","Censo","Bolivar","Octostruma balzani","Med",3
"949","Censo","Cesar","Octostruma balzani","Med",1
"950","Recenso","Cesar","Octostruma balzani","Med",9
"951","Censo","Guajira","Octostruma balzani","Med",6
"952","recenso","Guajira","Octostruma balzani","Med",8
"953","Censo","Huila","Octostruma balzani","Med",2
"954","Recenso","Huila","Octostruma balzani","Med",5
"955","Censo","Guajira","Octostruma iheringi","Med",5
"956","recenso","Guajira","Octostruma iheringi","Med",4
"957","Censo","Guajira","Octostruma impresa","Med",3
"958","recenso","Cesar","Octostruma obtusidens","Med",2
"959","Censo","Guajira","Octostruma obtusidens","Med",3
"960","recenso","Guajira","Octostruma obtusidens","Med",1
"961","Censo","Bolivar","Odontomachus bauri","Med",19
"962","Recenso","Bolivar","Odontomachus bauri","Med",50
"963","Censo","Cesar","Odontomachus bauri","Med",4
"964","recenso","Cesar","Odontomachus bauri","Med",9
"965","Recenso","Cesar","Odontomachus bauri","Med",19
"966","Censo","Guajira","Odontomachus bauri","Med",12
"967","recenso","Guajira","Odontomachus bauri","Med",2
"968","Censo","Huila","Odontomachus bauri","Med",22
"969","Recenso","Huila","Odontomachus bauri","Med",8
"970","Censo","Tolima","Odontomachus bauri","Med",34
"971","Recenso","Tolima","Odontomachus bauri","Med",2
"972","recenso","Cesar","Odontomachus chelifer","Med",1
"973","Censo","Bolivar","Odontomachus ruginodis","Med",6
"974","Censo","Bolivar","Pachycondyla harpax","Med",20
"975","Recenso","Bolivar","Pachycondyla harpax","Med",11
"976","Censo","Cesar","Pachycondyla harpax","Med",1
"977","recenso","Cesar","Pachycondyla harpax","Med",2
"978","Recenso","Cesar","Pachycondyla harpax","Med",3
"979","Censo","Guajira","Pachycondyla harpax","Med",25
"980","recenso","Guajira","Pachycondyla harpax","Med",26
"981","Censo","Huila","Pachycondyla harpax","Med",6
"982","Recenso","Huila","Pachycondyla harpax","Med",10
"983","Censo","Tolima","Pachycondyla harpax","Med",6
"984","Recenso","Tolima","Pachycondyla harpax","Med",2
"985","Censo","Bolivar","Pachycondyla impressa","Med",5
"986","Recenso","Bolivar","Pachycondyla impressa","Med",2
"987","Recenso","Cesar","Pachycondyla impressa","Med",3
"988","Censo","Guajira","Pachycondyla impressa","Med",2
"989","recenso","Guajira","Pachycondyla impressa","Med",1
"990","Censo","Huila","Pachycondyla impressa","Med",1
"991","Censo","Tolima","Paratrechina longicornis","Med",2
"992","Recenso","Tolima","Paratrechina longicornis","Med",11
"993","Recenso","Bolivar","Pheidole","Med",69
"994","Recenso","Cesar","Pheidole","Med",151
"995","Censo","Huila","Pheidole","Med",60
"996","Recenso","Huila","Pheidole","Med",99
"997","Censo","Tolima","Pheidole","Med",58
"998","Recenso","Tolima","Pheidole","Med",51
"999","Censo","Bolivar","Pheidole scalaris","Med",8
"1000","Censo","Cesar","Pheidole scalaris","Med",21
"1001","recenso","Cesar","Pheidole scalaris","Med",24
"1002","Censo","Guajira","Pheidole scalaris","Med",7
"1003","recenso","Guajira","Pheidole scalaris","Med",4
"1004","Recenso","Bolivar","Pogonomyrmex mayri","Med",82
"1005","Censo","Huila","Pseudomyrmex boopis","Med",4
"1006","Recenso","Huila","Pseudomyrmex boopis","Med",2
"1007","Censo","Tolima","Pseudomyrmex boopis","Med",1
"1008","Recenso","Tolima","Pseudomyrmex boopis","Med",1
"1009","Censo","Bolivar","Rasopone arhuaca","Med",4
"1010","Recenso","Bolivar","Rasopone arhuaca","Med",3
"1011","recenso","Cesar","Rasopone arhuaca","Med",1
"1012","Recenso","Cesar","Rasopone arhuaca","Med",4
"1013","Censo","Bolivar","Rasopone ferruginea","Med",2
"1014","Recenso","Bolivar","Rasopone ferruginea","Med",1
"1015","recenso","Guajira","Rasopone ferruginea","Med",1
"1016","Censo","Guajira","Rhopalothrix isthmica","Med",2
"1017","Censo","Cesar","Rogeria","Med",1
"1018","Censo","Guajira","Rogeria belti","Med",11
"1019","recenso","Guajira","Rogeria belti","Med",5
"1020","Censo","Cesar","Rogeria curvipubens","Med",1
"1021","Recenso","Cesar","Rogeria curvipubens","Med",1
"1022","Censo","Guajira","Rogeria curvipubens","Med",4
"1023","recenso","Guajira","Rogeria curvipubens","Med",4
"1024","Censo","Tolima","Rogeria curvipubens","Med",5
"1025","Recenso","Tolima","Rogeria curvipubens","Med",1
"1026","Censo","Bolivar","Rogeria foreli","Med",3
"1027","Recenso","Bolivar","Rogeria foreli","Med",2
"1028","Censo","Cesar","Rogeria foreli","Med",2
"1029","recenso","Cesar","Rogeria foreli","Med",1
"1030","Recenso","Cesar","Rogeria foreli","Med",6
"1031","Censo","Guajira","Rogeria foreli","Med",5
"1032","recenso","Guajira","Rogeria foreli","Med",7
"1033","Censo","Bolivar","Sericomyrmex amabilis","Med",4
"1034","Recenso","Bolivar","Sericomyrmex amabilis","Med",3
"1035","recenso","Cesar","Sericomyrmex amabilis","Med",1
"1036","Censo","Guajira","Sericomyrmex amabilis","Med",5
"1037","Recenso","Huila","Sericomyrmex amabilis","Med",5
"1038","Recenso","Bolivar","Sericomyrmex mayri","Med",2
"1039","Censo","Bolivar","Sericomyrmex opacus","Med",3
"1040","Censo","Bolivar","Solenopsis","Med",1
"1041","Recenso","Bolivar","Solenopsis","Med",49
"1042","Recenso","Cesar","Solenopsis","Med",119
"1043","Censo","Huila","Solenopsis","Med",9
"1044","Recenso","Huila","Solenopsis","Med",51
"1045","Censo","Tolima","Solenopsis","Med",28
"1046","Recenso","Tolima","Solenopsis","Med",43
"1047","Censo","Bolivar","Solenopsis altinodis","Med",5
"1048","Censo","Cesar","Solenopsis altinodis","Med",3
"1049","Censo","Bolivar","Solenopsis azteca","Med",5
"1050","recenso","Cesar","Solenopsis azteca","Med",11
"1051","Censo","Guajira","Solenopsis azteca","Med",8
"1052","recenso","Guajira","Solenopsis azteca","Med",3
"1053","Censo","Guajira","Solenopsis bicolor","Med",4
"1054","recenso","Guajira","Solenopsis bicolor","Med",4
"1055","Censo","Bolivar","Solenopsis brevicornis","Med",1
"1056","Censo","Bolivar","Solenopsis cf. picea","Med",1
"1057","Censo","Cesar","Solenopsis cf. picea","Med",1
"1058","recenso","Cesar","Solenopsis cf. picea","Med",7
"1059","Censo","Guajira","Solenopsis cf. picea","Med",4
"1060","Censo","Bolivar","Solenopsis geminata","Med",5
"1061","Censo","Cesar","Solenopsis geminata","Med",14
"1062","recenso","Cesar","Solenopsis geminata","Med",20
"1063","Censo","Guajira","Solenopsis geminata","Med",1
"1064","Censo","Bolivar","Solenopsis pigmea","Med",3
"1065","recenso","Cesar","Solenopsis pigmea","Med",2
"1066","Censo","Guajira","Solenopsis pigmea","Med",4
"1067","Censo","Bolivar","Solenopsis pollux","Med",15
"1068","Censo","Cesar","Solenopsis pollux","Med",6
"1069","recenso","Cesar","Solenopsis pollux","Med",10
"1070","Censo","Guajira","Solenopsis pollux","Med",18
"1071","recenso","Guajira","Solenopsis pollux","Med",11
"1072","Censo","Guajira","Solenopsis stricta","Med",1
"1073","Censo","Bolivar","Solenopsis subterrranea","Med",3
"1074","Censo","Cesar","Solenopsis subterrranea","Med",11
"1075","recenso","Cesar","Solenopsis subterrranea","Med",4
"1076","Censo","Guajira","Solenopsis subterrranea","Med",3
"1077","recenso","Guajira","Solenopsis subterrranea","Med",3
"1078","Censo","Bolivar","Solenopsis vinsoni","Med",4
"1079","Censo","Cesar","Solenopsis vinsoni","Med",3
"1080","recenso","Cesar","Solenopsis vinsoni","Med",9
"1081","Censo","Guajira","Solenopsis vinsoni","Med",3
"1082","Censo","Bolivar","Strumigenys deltisquama","Med",1
"1083","Recenso","Bolivar","Strumigenys deltisquama","Med",20
"1084","Recenso","Cesar","Strumigenys deltisquama","Med",47
"1085","Censo","Guajira","Strumigenys deltisquama","Med",2
"1086","Recenso","Tolima","Strumigenys deltisquama","Med",2
"1087","Censo","Bolivar","Strumigenys denticulata","Med",2
"1088","Censo","Guajira","Strumigenys denticulata","Med",7
"1089","recenso","Guajira","Strumigenys denticulata","Med",1
"1090","Censo","Bolivar","Strumigenys eggersi","Med",2
"1091","Censo","Cesar","Strumigenys eggersi","Med",1
"1092","Censo","Guajira","Strumigenys eggersi","Med",3
"1093","recenso","Guajira","Strumigenys eggersi","Med",1
"1094","Censo","Bolivar","Strumigenys elongata","Med",2
"1095","Recenso","Bolivar","Strumigenys elongata","Med",15
"1096","Recenso","Cesar","Strumigenys elongata","Med",6
"1097","Censo","Guajira","Strumigenys elongata","Med",9
"1098","recenso","Guajira","Strumigenys elongata","Med",5
"1099","Censo","Tolima","Strumigenys elongata","Med",1
"1100","Recenso","Tolima","Strumigenys elongata","Med",1
"1101","Recenso","Bolivar","Strumigenys grytava","Med",2
"1102","recenso","Cesar","Strumigenys grytava","Med",1
"1103","Recenso","Cesar","Strumigenys grytava","Med",9
"1104","Recenso","Tolima","Strumigenys grytava","Med",40
"1105","Recenso","Bolivar","Strumigenys gundlachi","Med",18
"1106","Recenso","Cesar","Strumigenys gundlachi","Med",7
"1107","Censo","Huila","Strumigenys gundlachi","Med",3
"1108","Recenso","Huila","Strumigenys gundlachi","Med",4
"1109","Censo","Tolima","Strumigenys gundlachi","Med",1
"1110","Censo","Bolivar","Strumigenys lanuginosa","Med",1
"1111","Censo","Guajira","Strumigenys lanuginosa","Med",1
"1112","recenso","Guajira","Strumigenys lanuginosa","Med",1
"1113","Censo","Guajira","Strumigenys louisianae","Med",1
"1114","Censo","Bolivar","Strumigenys marginiventris","Med",1
"1115","Recenso","Bolivar","Strumigenys marginiventris","Med",8
"1116","Censo","Cesar","Strumigenys marginiventris","Med",1
"1117","Recenso","Cesar","Strumigenys marginiventris","Med",9
"1118","Censo","Guajira","Strumigenys marginiventris","Med",2
"1119","recenso","Guajira","Strumigenys marginiventris","Med",1
"1120","Censo","Tolima","Strumigenys marginiventris","Med",4
"1121","Recenso","Tolima","Strumigenys marginiventris","Med",16
"1122","Recenso","Bolivar","Strumigenys perparva","Med",1
"1123","Recenso","Huila","Strumigenys perparva","Med",6
"1124","recenso","Guajira","Strumigenys spathula","Med",1
"1125","Censo","Bolivar","Strumigenys zeteki","Med",1
"1126","recenso","Cesar","Strumigenys zeteki","Med",1
"1127","Censo","Guajira","Strumigenys zeteki","Med",6
"1128","recenso","Guajira","Strumigenys zeteki","Med",2
"1129","recenso","Cesar","Tapinoma cf. ramulorum","Med",1
"1130","recenso","Cesar","Tapinoma melanocephalum","Med",1
"1131","recenso","Guajira","Tapinoma melanocephalum","Med",1
"1132","Censo","Tolima","Tapinoma melanocephalum","Med",15
"1133","Recenso","Tolima","Tapinoma melanocephalum","Med",1
"1134","Censo","Huila","Temnothorax subditivus","Med",1
"1135","Recenso","Cesar","Thaumatomyrmex atrox","Med",1
"1136","Recenso","Bolivar","Thaumatomyrmex zeteki","Med",1
"1137","recenso","Guajira","Thaumatomyrmex zeteki","Med",1
"1138","Recenso","Huila","Thaumatomyrmex zeteki","Med",2
"1139","Censo","Cesar","Trachymyrmex","Med",4
"1140","Censo","Bolivar","Trachymyrmex bugnioni","Med",2
"1141","Recenso","Bolivar","Trachymyrmex bugnioni","Med",1
"1142","Censo","Cesar","Trachymyrmex bugnioni","Med",4
"1143","recenso","Cesar","Trachymyrmex bugnioni","Med",1
"1144","Recenso","Cesar","Trachymyrmex bugnioni","Med",24
"1145","Censo","Guajira","Trachymyrmex bugnioni","Med",2
"1146","recenso","Guajira","Trachymyrmex bugnioni","Med",1
"1147","Recenso","Huila","Trachymyrmex bugnioni","Med",1
"1148","Censo","Bolivar","Trachymyrmex cornetzi","Med",8
"1149","Recenso","Bolivar","Trachymyrmex cornetzi","Med",5
"1150","Censo","Cesar","Trachymyrmex cornetzi","Med",5
"1151","recenso","Cesar","Trachymyrmex cornetzi","Med",2
"1152","Recenso","Cesar","Trachymyrmex cornetzi","Med",17
"1153","Censo","Guajira","Trachymyrmex cornetzi","Med",6
"1154","recenso","Guajira","Trachymyrmex cornetzi","Med",2
"1155","Recenso","Huila","Trachymyrmex irmgardae","Med",5
"1156","Censo","Tolima","Trachymyrmex irmgardae","Med",6
"1157","Recenso","Tolima","Trachymyrmex irmgardae","Med",2
"1158","Recenso","Cesar","Trachymyrmex opulentus","Med",1
"1159","Censo","Bolivar","Tranopelta gilva","Med",2
"1160","Recenso","Bolivar","Tranopelta gilva","Med",1
"1161","recenso","Cesar","Tranopelta gilva","Med",3
"1162","Recenso","Cesar","Tranopelta gilva","Med",1
"1163","Censo","Guajira","Tranopelta gilva","Med",3
"1164","Censo","Huila","Tranopelta gilva","Med",1
"1165","Recenso","Huila","Tranopelta gilva","Med",1
"1166","Recenso","Bolivar","Trichomyrmex destructor","Med",8
"1167","Censo","Cesar","Trichomyrmex destructor","Med",3
"1168","recenso","Guajira","Trichomyrmex destructor","Med",1
"1169","Censo","Tolima","Trichomyrmex destructor","Med",98
"1170","recenso","Cesar","Typhlomyrmex pusillus","Med",1
"1171","Censo","Bolivar","Wasmannia auropunctata","Med",16
"1172","Recenso","Bolivar","Wasmannia auropunctata","Med",142
"1173","Censo","Cesar","Wasmannia auropunctata","Med",12
"1174","recenso","Cesar","Wasmannia auropunctata","Med",17
"1175","Recenso","Cesar","Wasmannia auropunctata","Med",257
"1176","Censo","Guajira","Wasmannia auropunctata","Med",53
"1177","recenso","Guajira","Wasmannia auropunctata","Med",41
"1178","Censo","Huila","Wasmannia auropunctata","Med",73
"1179","Recenso","Huila","Wasmannia auropunctata","Med",70
"1180","Censo","Tolima","Wasmannia auropunctata","Med",89
"1181","Recenso","Tolima","Wasmannia auropunctata","Med",10
"1182","Censo","Huila","Wasmannia rochai","Med",1
