"","samplingProtocol","Grouping","species","labelit","rank","abundance","proportion","plower","pupper","accumfreq","logabun","rankfreq"
"1","RAP","Antioquia","Phylbotr",TRUE,1,575,24.2,NA,NA,24.2,2.8,1.5
"2","RAP","Antioquia","Eugeproc",TRUE,2,417,17.5,NA,NA,41.7,2.6,3
"3","RAP","Antioquia","Guetmala",TRUE,3,242,10.2,NA,NA,51.9,2.4,4.5
"4","RAP","Antioquia","Guazulmi",FALSE,4,228,9.6,NA,NA,61.5,2.4,6.1
"5","RAP","Antioquia","Caseprae",FALSE,5,177,7.4,NA,NA,68.9,2.2,7.6
"6","RAP","Antioquia","Astrgrav",FALSE,6,72,3,NA,NA,72,1.9,9.1
"7","RAP","Antioquia","Pisoacul",FALSE,7,52,2.2,NA,NA,74.1,1.7,10.6
"8","RAP","Antioquia","Vachfarn",FALSE,8,45,1.9,NA,NA,76,1.7,12.1
"9","RAP","Antioquia","Platpinn",FALSE,9,38,1.6,NA,NA,77.6,1.6,13.6
"10","RAP","Antioquia","Chomspin",FALSE,10,35,1.5,NA,NA,79.1,1.5,15.2
"11","RAP","Antioquia","Margmicr",FALSE,11,34,1.4,NA,NA,80.5,1.5,16.7
"12","RAP","Antioquia","Zantschr",FALSE,12,33,1.4,NA,NA,81.9,1.5,18.2
"13","RAP","Antioquia","Albiniop",FALSE,13,26,1.1,NA,NA,83,1.4,19.7
"14","RAP","Antioquia","Machmori",FALSE,14,26,1.1,NA,NA,84.1,1.4,21.2
"15","RAP","Antioquia","Aspicusp",FALSE,15,25,1.1,NA,NA,85.2,1.4,22.7
"16","RAP","Antioquia","Zantmart",FALSE,16,25,1.1,NA,NA,86.2,1.4,24.2
"17","RAP","Antioquia","Cnidtubu",FALSE,17,22,0.9,NA,NA,87.1,1.3,25.8
"18","RAP","Antioquia","Burssima",FALSE,18,22,0.9,NA,NA,88.1,1.3,27.3
"19","RAP","Antioquia","Gyroamer",FALSE,19,21,0.9,NA,NA,88.9,1.3,28.8
"20","RAP","Antioquia","Tripamer",FALSE,20,21,0.9,NA,NA,89.8,1.3,30.3
"21","RAP","Antioquia","Annosqua",FALSE,21,17,0.7,NA,NA,90.5,1.2,31.8
"22","RAP","Antioquia","Jatrgoss",FALSE,22,16,0.7,NA,NA,91.2,1.2,33.3
"23","RAP","Antioquia","Casecory",FALSE,23,15,0.6,NA,NA,91.8,1.2,34.8
"24","RAP","Antioquia","Huracrep",FALSE,24,15,0.6,NA,NA,92.5,1.2,36.4
"25","RAP","Antioquia","Quadindi",FALSE,25,15,0.6,NA,NA,93.1,1.2,37.9
"26","RAP","Antioquia","Cithkunt",FALSE,26,12,0.5,NA,NA,93.6,1.1,39.4
"27","RAP","Antioquia","Aralexce",FALSE,27,11,0.5,NA,NA,94.1,1,40.9
"28","RAP","Antioquia","Pipepioj",FALSE,28,10,0.4,NA,NA,94.5,1,42.4
"29","RAP","Antioquia","Forsaffi",FALSE,29,10,0.4,NA,NA,94.9,1,43.9
"30","RAP","Antioquia","Tricmart",FALSE,30,9,0.4,NA,NA,95.3,1,45.5
"31","RAP","Antioquia","Entecycl",FALSE,31,9,0.4,NA,NA,95.7,1,47
"32","RAP","Antioquia","Humbarbo",FALSE,32,8,0.3,NA,NA,96,0.9,48.5
"33","RAP","Antioquia","Hirasp",FALSE,33,6,0.3,NA,NA,96.3,0.8,50
"34","RAP","Antioquia","Arismaxi",FALSE,34,6,0.3,NA,NA,96.5,0.8,51.5
"35","RAP","Antioquia","Stemgran",FALSE,35,6,0.3,NA,NA,96.8,0.8,53
"36","RAP","Antioquia","Paulcuru",FALSE,36,5,0.2,NA,NA,97,0.7,54.5
"37","RAP","Antioquia","Urercara",FALSE,37,5,0.2,NA,NA,97.2,0.7,56.1
"38","RAP","Antioquia","Pseuguac",FALSE,38,5,0.2,NA,NA,97.4,0.7,57.6
"39","RAP","Antioquia","Hymecour",FALSE,39,4,0.2,NA,NA,97.6,0.6,59.1
"40","RAP","Antioquia","Zantfaga",FALSE,40,4,0.2,NA,NA,97.7,0.6,60.6
"41","RAP","Antioquia","Rosechry",FALSE,41,4,0.2,NA,NA,97.9,0.6,62.1
"42","RAP","Antioquia","Psidguin",FALSE,42,4,0.2,NA,NA,98.1,0.6,63.6
"43","RAP","Antioquia","Burstome",FALSE,43,4,0.2,NA,NA,98.2,0.6,65.2
"44","RAP","Antioquia","Machmicr",FALSE,44,4,0.2,NA,NA,98.4,0.6,66.7
"45","RAP","Antioquia","Sennobtu",FALSE,45,4,0.2,NA,NA,98.6,0.6,68.2
"46","RAP","Antioquia","Bonatric",FALSE,46,3,0.1,NA,NA,98.7,0.5,69.7
"47","RAP","Antioquia","Sennspec",FALSE,47,3,0.1,NA,NA,98.8,0.5,71.2
"48","RAP","Antioquia","Zantrigi",FALSE,48,3,0.1,NA,NA,98.9,0.5,72.7
"49","RAP","Antioquia","Cordsp",FALSE,49,3,0.1,NA,NA,99.1,0.5,74.2
"50","RAP","Antioquia","Amyrpinn",FALSE,50,2,0.1,NA,NA,99.2,0.3,75.8
"51","RAP","Antioquia","Seneripa",FALSE,51,2,0.1,NA,NA,99.2,0.3,77.3
"52","RAP","Antioquia","Sponradl",FALSE,52,2,0.1,NA,NA,99.3,0.3,78.8
"53","RAP","Antioquia","Malpglab",FALSE,53,2,0.1,NA,NA,99.4,0.3,80.3
"54","RAP","Antioquia","Pseusept",FALSE,54,2,0.1,NA,NA,99.5,0.3,81.8
"55","RAP","Antioquia","Machcapo",FALSE,55,1,0,NA,NA,99.5,0,83.3
"56","RAP","Antioquia","Aegilaet",FALSE,56,1,0,NA,NA,99.6,0,84.8
"57","RAP","Antioquia","Cecrpelt",FALSE,57,1,0,NA,NA,99.6,0,86.4
"58","RAP","Antioquia","Cochviti",FALSE,58,1,0,NA,NA,99.7,0,87.9
"59","RAP","Antioquia","Cissvert",FALSE,59,1,0,NA,NA,99.7,0,89.4
"60","RAP","Antioquia","Crotlept",FALSE,60,1,0,NA,NA,99.7,0,90.9
"61","RAP","Antioquia","Byrscras",FALSE,61,1,0,NA,NA,99.8,0,92.4
"62","RAP","Antioquia","Pipetube",FALSE,62,1,0,NA,NA,99.8,0,93.9
"63","RAP","Antioquia","Eugesp",FALSE,63,1,0,NA,NA,99.9,0,95.5
"64","RAP","Antioquia","Ceibpent",FALSE,64,1,0,NA,NA,99.9,0,97
"65","RAP","Antioquia","Clusmino",FALSE,65,1,0,NA,NA,100,0,98.5
"66","RAP","Antioquia","Macltinc",FALSE,66,1,0,NA,NA,100,0,100
"67","RAP","Bolivar","Guazulmi",TRUE,1,277,13.6,NA,NA,13.6,2.4,0.5
"68","RAP","Bolivar","Bactsp2",TRUE,2,166,8.2,NA,NA,21.8,2.2,1.1
"69","RAP","Bolivar","Chomspin",TRUE,3,141,6.9,NA,NA,28.7,2.1,1.6
"70","RAP","Bolivar","Cordalli",FALSE,4,99,4.9,NA,NA,33.6,2,2.2
"71","RAP","Bolivar","Ampemacp",FALSE,5,99,4.9,NA,NA,38.4,2,2.7
"72","RAP","Bolivar","Gustsupe",FALSE,6,58,2.9,NA,NA,41.3,1.8,3.3
"73","RAP","Bolivar","Myrcfall",FALSE,7,51,2.5,NA,NA,43.8,1.7,3.8
"74","RAP","Bolivar","Casesp1",FALSE,8,49,2.4,NA,NA,46.2,1.7,4.4
"75","RAP","Bolivar","Pteroffi",FALSE,9,49,2.4,NA,NA,48.6,1.7,4.9
"76","RAP","Bolivar","Courferr",FALSE,10,43,2.1,NA,NA,50.7,1.6,5.5
"77","RAP","Bolivar","Cordbico",FALSE,11,37,1.8,NA,NA,52.6,1.6,6
"78","RAP","Bolivar","Cupaamer",FALSE,12,34,1.7,NA,NA,54.2,1.5,6.6
"79","RAP","Bolivar","Cappfron",FALSE,13,31,1.5,NA,NA,55.8,1.5,7.1
"80","RAP","Bolivar","Myrilong",FALSE,14,28,1.4,NA,NA,57.1,1.4,7.7
"81","RAP","Bolivar","Ficusp2",FALSE,15,26,1.3,NA,NA,58.4,1.4,8.2
"82","RAP","Bolivar","Sponmomb",FALSE,16,26,1.3,NA,NA,59.7,1.4,8.8
"83","RAP","Bolivar","Brosalic",FALSE,17,26,1.3,NA,NA,61,1.4,9.3
"84","RAP","Bolivar","Machsp4",FALSE,18,25,1.2,NA,NA,62.2,1.4,9.9
"85","RAP","Bolivar","Urtisp",FALSE,19,24,1.2,NA,NA,63.4,1.4,10.4
"86","RAP","Bolivar","Tabesp",FALSE,20,24,1.2,NA,NA,64.6,1.4,11
"87","RAP","Bolivar","Pipereti",FALSE,21,22,1.1,NA,NA,65.6,1.3,11.5
"88","RAP","Bolivar","Prottenu",FALSE,22,22,1.1,NA,NA,66.7,1.3,12.1
"89","RAP","Bolivar","Albiniop",FALSE,23,21,1,NA,NA,67.7,1.3,12.6
"90","RAP","Bolivar","Swarsp2",FALSE,24,20,1,NA,NA,68.7,1.3,13.2
"91","RAP","Bolivar","Malpglab",FALSE,25,20,1,NA,NA,69.7,1.3,13.7
"92","RAP","Bolivar","Acaldive",FALSE,26,19,0.9,NA,NA,70.6,1.3,14.3
"93","RAP","Bolivar","Bigndive",FALSE,27,19,0.9,NA,NA,71.6,1.3,14.8
"94","RAP","Bolivar","Astrgrav",FALSE,28,19,0.9,NA,NA,72.5,1.3,15.4
"95","RAP","Bolivar","Glirsepi",FALSE,29,17,0.8,NA,NA,73.4,1.2,15.9
"96","RAP","Bolivar","Cupasp1",FALSE,30,17,0.8,NA,NA,74.2,1.2,16.5
"97","RAP","Bolivar","Chlomang",FALSE,31,16,0.8,NA,NA,75,1.2,17
"98","RAP","Bolivar","Stemgran",FALSE,32,15,0.7,NA,NA,75.7,1.2,17.6
"99","RAP","Bolivar","Tripamer",FALSE,33,14,0.7,NA,NA,76.4,1.1,18.1
"100","RAP","Bolivar","Piptflav",FALSE,34,13,0.6,NA,NA,77,1.1,18.7
"101","RAP","Bolivar","Sterapet",FALSE,35,12,0.6,NA,NA,77.6,1.1,19.2
"102","RAP","Bolivar","Cochviti",FALSE,36,11,0.5,NA,NA,78.2,1,19.8
"103","RAP","Bolivar","Combspin",FALSE,37,11,0.5,NA,NA,78.7,1,20.3
"104","RAP","Bolivar","Chamalti",FALSE,38,11,0.5,NA,NA,79.3,1,20.9
"105","RAP","Bolivar","Pisoacul",FALSE,39,11,0.5,NA,NA,79.8,1,21.4
"106","RAP","Bolivar","Cryokalb",FALSE,40,10,0.5,NA,NA,80.3,1,22
"107","RAP","Bolivar","Loncatro",FALSE,41,10,0.5,NA,NA,80.8,1,22.5
"108","RAP","Bolivar","Cecrpelt",FALSE,42,9,0.4,NA,NA,81.2,1,23.1
"109","RAP","Bolivar","Zygiinae",FALSE,43,8,0.4,NA,NA,81.6,0.9,23.6
"110","RAP","Bolivar","Annosp2",FALSE,44,8,0.4,NA,NA,82,0.9,24.2
"111","RAP","Bolivar","Anacexce",FALSE,45,8,0.4,NA,NA,82.4,0.9,24.7
"112","RAP","Bolivar","Chryvene",FALSE,46,8,0.4,NA,NA,82.8,0.9,25.3
"113","RAP","Bolivar","Machsp2",FALSE,47,8,0.4,NA,NA,83.2,0.9,25.8
"114","RAP","Bolivar","Bignsp2",FALSE,48,8,0.4,NA,NA,83.6,0.9,26.4
"115","RAP","Bolivar","Ulmasp",FALSE,49,8,0.4,NA,NA,84,0.9,26.9
"116","RAP","Bolivar","Plathebe",FALSE,50,7,0.3,NA,NA,84.3,0.8,27.5
"117","RAP","Bolivar","Dilocost",FALSE,51,7,0.3,NA,NA,84.7,0.8,28
"118","RAP","Bolivar","Randsp6",FALSE,52,7,0.3,NA,NA,85,0.8,28.6
"119","RAP","Bolivar","Sorospru",FALSE,53,7,0.3,NA,NA,85.3,0.8,29.1
"120","RAP","Bolivar","Brosguia",FALSE,54,6,0.3,NA,NA,85.6,0.8,29.7
"121","RAP","Bolivar","Acalvill",FALSE,55,6,0.3,NA,NA,85.9,0.8,30.2
"122","RAP","Bolivar","Allorace",FALSE,56,6,0.3,NA,NA,86.2,0.8,30.8
"123","RAP","Bolivar","Rondpube",FALSE,57,6,0.3,NA,NA,86.5,0.8,31.3
"124","RAP","Bolivar","Astesp",FALSE,58,5,0.2,NA,NA,86.8,0.7,31.9
"125","RAP","Bolivar","Swarsimp",FALSE,59,5,0.2,NA,NA,87,0.7,32.4
"126","RAP","Bolivar","Pitttric",FALSE,60,5,0.2,NA,NA,87.3,0.7,33
"127","RAP","Bolivar","Picrlati",FALSE,61,5,0.2,NA,NA,87.5,0.7,33.5
"128","RAP","Bolivar","Coccacum",FALSE,62,5,0.2,NA,NA,87.8,0.7,34.1
"129","RAP","Bolivar","Celtigua",FALSE,63,5,0.2,NA,NA,88,0.7,34.6
"130","RAP","Bolivar","Hybaprun",FALSE,64,5,0.2,NA,NA,88.2,0.7,35.2
"131","RAP","Bolivar","Machcapo",FALSE,65,5,0.2,NA,NA,88.5,0.7,35.7
"132","RAP","Bolivar","Xylosp1",FALSE,66,5,0.2,NA,NA,88.7,0.7,36.3
"133","RAP","Bolivar","Oxansp",FALSE,67,5,0.2,NA,NA,89,0.7,36.8
"134","RAP","Bolivar","Melioliv",FALSE,68,5,0.2,NA,NA,89.2,0.7,37.4
"135","RAP","Bolivar","Schnsp1",FALSE,69,4,0.2,NA,NA,89.4,0.6,37.9
"136","RAP","Bolivar","Ptersp1",FALSE,70,4,0.2,NA,NA,89.6,0.6,38.5
"137","RAP","Bolivar","Quarsp2",FALSE,71,4,0.2,NA,NA,89.8,0.6,39
"138","RAP","Bolivar","Guapsp2",FALSE,72,4,0.2,NA,NA,90,0.6,39.6
"139","RAP","Bolivar","Neeavire",FALSE,73,4,0.2,NA,NA,90.2,0.6,40.1
"140","RAP","Bolivar","Alseblac",FALSE,74,4,0.2,NA,NA,90.4,0.6,40.7
"141","RAP","Bolivar","Senesp",FALSE,75,4,0.2,NA,NA,90.6,0.6,41.2
"142","RAP","Bolivar","Poutsp3",FALSE,76,4,0.2,NA,NA,90.8,0.6,41.8
"143","RAP","Bolivar","Rourglab",FALSE,77,4,0.2,NA,NA,91,0.6,42.3
"144","RAP","Bolivar","Attabuty",FALSE,78,3,0.1,NA,NA,91.2,0.5,42.9
"145","RAP","Bolivar","Burssima",FALSE,79,3,0.1,NA,NA,91.3,0.5,43.4
"146","RAP","Bolivar","Ingasp4",FALSE,80,3,0.1,NA,NA,91.4,0.5,44
"147","RAP","Bolivar","Aegilaet",FALSE,81,3,0.1,NA,NA,91.6,0.5,44.5
"148","RAP","Bolivar","Combfrut",FALSE,82,3,0.1,NA,NA,91.7,0.5,45.1
"149","RAP","Bolivar","Sennsp2",FALSE,83,3,0.1,NA,NA,91.9,0.5,45.6
"150","RAP","Bolivar","Hirtamer",FALSE,84,3,0.1,NA,NA,92,0.5,46.2
"151","RAP","Bolivar","Stylturb",FALSE,85,3,0.1,NA,NA,92.2,0.5,46.7
"152","RAP","Bolivar","Swarsp1",FALSE,86,3,0.1,NA,NA,92.3,0.5,47.3
"153","RAP","Bolivar","Dendarbo",FALSE,87,3,0.1,NA,NA,92.5,0.5,47.8
"154","RAP","Bolivar","Callmagd",FALSE,88,3,0.1,NA,NA,92.6,0.5,48.4
"155","RAP","Bolivar","Manizapo",FALSE,89,3,0.1,NA,NA,92.8,0.5,48.9
"156","RAP","Bolivar","Petrvolu",FALSE,90,3,0.1,NA,NA,92.9,0.5,49.5
"157","RAP","Bolivar","Couthexa",FALSE,91,3,0.1,NA,NA,93.1,0.5,50
"158","RAP","Bolivar","Cordsp3",FALSE,92,3,0.1,NA,NA,93.2,0.5,50.5
"159","RAP","Bolivar","Machsp1",FALSE,93,3,0.1,NA,NA,93.4,0.5,51.1
"160","RAP","Bolivar","Seneripa",FALSE,94,3,0.1,NA,NA,93.5,0.5,51.6
"161","RAP","Bolivar","Schnsp2",FALSE,95,3,0.1,NA,NA,93.7,0.5,52.2
"162","RAP","Bolivar","Triccari",FALSE,96,3,0.1,NA,NA,93.8,0.5,52.7
"163","RAP","Bolivar","Schipara",FALSE,97,3,0.1,NA,NA,94,0.5,53.3
"164","RAP","Bolivar","Ficusp4",FALSE,98,3,0.1,NA,NA,94.1,0.5,53.8
"165","RAP","Bolivar","Fabasp1",FALSE,99,3,0.1,NA,NA,94.2,0.5,54.4
"166","RAP","Bolivar","Sennsp3",FALSE,100,3,0.1,NA,NA,94.4,0.5,54.9
"167","RAP","Bolivar","Machsp3",FALSE,101,3,0.1,NA,NA,94.5,0.5,55.5
"168","RAP","Bolivar","Cynohast",FALSE,102,2,0.1,NA,NA,94.6,0.3,56
"169","RAP","Bolivar","Coccobov",FALSE,103,2,0.1,NA,NA,94.7,0.3,56.6
"170","RAP","Bolivar","Garcbent",FALSE,104,2,0.1,NA,NA,94.8,0.3,57.1
"171","RAP","Bolivar","Macltinc",FALSE,105,2,0.1,NA,NA,94.9,0.3,57.7
"172","RAP","Bolivar","Casesylv",FALSE,106,2,0.1,NA,NA,95,0.3,58.2
"173","RAP","Bolivar","Quasamar",FALSE,107,2,0.1,NA,NA,95.1,0.3,58.8
"174","RAP","Bolivar","Galisp",FALSE,108,2,0.1,NA,NA,95.2,0.3,59.3
"175","RAP","Bolivar","Faraocci",FALSE,109,2,0.1,NA,NA,95.3,0.3,59.9
"176","RAP","Bolivar","Indet134",FALSE,110,2,0.1,NA,NA,95.4,0.3,60.4
"177","RAP","Bolivar","Connpana",FALSE,111,2,0.1,NA,NA,95.5,0.3,61
"178","RAP","Bolivar","Senetama",FALSE,112,2,0.1,NA,NA,95.6,0.3,61.5
"179","RAP","Bolivar","Casecory",FALSE,113,2,0.1,NA,NA,95.7,0.3,62.1
"180","RAP","Bolivar","Aspisp2",FALSE,114,2,0.1,NA,NA,95.8,0.3,62.6
"181","RAP","Bolivar","Myrofrut",FALSE,115,2,0.1,NA,NA,95.9,0.3,63.2
"182","RAP","Bolivar","Cyrtvelu",FALSE,116,2,0.1,NA,NA,96,0.3,63.7
"183","RAP","Bolivar","Indet138",FALSE,117,2,0.1,NA,NA,96.1,0.3,64.3
"184","RAP","Bolivar","Eugeproc",FALSE,118,2,0.1,NA,NA,96.2,0.3,64.8
"185","RAP","Bolivar","Pithungu",FALSE,119,2,0.1,NA,NA,96.3,0.3,65.4
"186","RAP","Bolivar","Randsp5",FALSE,120,2,0.1,NA,NA,96.4,0.3,65.9
"187","RAP","Bolivar","Ficuinsi",FALSE,121,2,0.1,NA,NA,96.5,0.3,66.5
"188","RAP","Bolivar","Huracrep",FALSE,122,2,0.1,NA,NA,96.6,0.3,67
"189","RAP","Bolivar","Rudgcorn",FALSE,123,2,0.1,NA,NA,96.7,0.3,67.6
"190","RAP","Bolivar","Quarsp1",FALSE,124,2,0.1,NA,NA,96.8,0.3,68.1
"191","RAP","Bolivar","Apocsp1",FALSE,125,2,0.1,NA,NA,96.9,0.3,68.7
"192","RAP","Bolivar","Randarma",FALSE,126,2,0.1,NA,NA,97,0.3,69.2
"193","RAP","Bolivar","Thevahou",FALSE,127,2,0.1,NA,NA,97.1,0.3,69.8
"194","RAP","Bolivar","Rinosp",FALSE,128,2,0.1,NA,NA,97.2,0.3,70.3
"195","RAP","Bolivar","Caseprae",FALSE,129,2,0.1,NA,NA,97.3,0.3,70.9
"196","RAP","Bolivar","Ptercolo",FALSE,130,2,0.1,NA,NA,97.4,0.3,71.4
"197","RAP","Bolivar","Connsp",FALSE,131,2,0.1,NA,NA,97.5,0.3,72
"198","RAP","Bolivar","Fabasp2",FALSE,132,1,0,NA,NA,97.5,0,72.5
"199","RAP","Bolivar","Luehseem",FALSE,133,1,0,NA,NA,97.6,0,73.1
"200","RAP","Bolivar","Indet83",FALSE,134,1,0,NA,NA,97.6,0,73.6
"201","RAP","Bolivar","Indet18",FALSE,135,1,0,NA,NA,97.7,0,74.2
"202","RAP","Bolivar","Sennsp1",FALSE,136,1,0,NA,NA,97.7,0,74.7
"203","RAP","Bolivar","Indet147",FALSE,137,1,0,NA,NA,97.8,0,75.3
"204","RAP","Bolivar","Machsp10",FALSE,138,1,0,NA,NA,97.8,0,75.8
"205","RAP","Bolivar","Mayngran",FALSE,139,1,0,NA,NA,97.9,0,76.4
"206","RAP","Bolivar","Ingasp2",FALSE,140,1,0,NA,NA,97.9,0,76.9
"207","RAP","Bolivar","Saposp",FALSE,141,1,0,NA,NA,98,0,77.5
"208","RAP","Bolivar","Pteracap",FALSE,142,1,0,NA,NA,98,0,78
"209","RAP","Bolivar","Pseuguac",FALSE,143,1,0,NA,NA,98.1,0,78.6
"210","RAP","Bolivar","Pressp",FALSE,144,1,0,NA,NA,98.1,0,79.1
"211","RAP","Bolivar","Malvsp",FALSE,145,1,0,NA,NA,98.2,0,79.7
"212","RAP","Bolivar","Tripsp1",FALSE,146,1,0,NA,NA,98.2,0,80.2
"213","RAP","Bolivar","Paulsp",FALSE,147,1,0,NA,NA,98.3,0,80.8
"214","RAP","Bolivar","Indet125",FALSE,148,1,0,NA,NA,98.3,0,81.3
"215","RAP","Bolivar","Ptersp3",FALSE,149,1,0,NA,NA,98.4,0,81.9
"216","RAP","Bolivar","Indet200",FALSE,150,1,0,NA,NA,98.4,0,82.4
"217","RAP","Bolivar","Indet91",FALSE,151,1,0,NA,NA,98.5,0,83
"218","RAP","Bolivar","Secudive",FALSE,152,1,0,NA,NA,98.5,0,83.5
"219","RAP","Bolivar","Ingasp3",FALSE,153,1,0,NA,NA,98.6,0,84.1
"220","RAP","Bolivar","Eugeoers",FALSE,154,1,0,NA,NA,98.6,0,84.6
"221","RAP","Bolivar","Justbrac",FALSE,155,1,0,NA,NA,98.7,0,85.2
"222","RAP","Bolivar","Maytlong",FALSE,156,1,0,NA,NA,98.7,0,85.7
"223","RAP","Bolivar","Nectsp1",FALSE,157,1,0,NA,NA,98.8,0,86.3
"224","RAP","Bolivar","Zantsp1",FALSE,158,1,0,NA,NA,98.8,0,86.8
"225","RAP","Bolivar","Pseusept",FALSE,159,1,0,NA,NA,98.9,0,87.4
"226","RAP","Bolivar","Indet199",FALSE,160,1,0,NA,NA,98.9,0,87.9
"227","RAP","Bolivar","Sipaguia",FALSE,161,1,0,NA,NA,99,0,88.5
"228","RAP","Bolivar","Verbsp",FALSE,162,1,0,NA,NA,99,0,89
"229","RAP","Bolivar","Stigcolu",FALSE,163,1,0,NA,NA,99.1,0,89.6
"230","RAP","Bolivar","Guetmala",FALSE,164,1,0,NA,NA,99.1,0,90.1
"231","RAP","Bolivar","Sapisp1",FALSE,165,1,0,NA,NA,99.2,0,90.7
"232","RAP","Bolivar","Indet122",FALSE,166,1,0,NA,NA,99.2,0,91.2
"233","RAP","Bolivar","Cordsp2",FALSE,167,1,0,NA,NA,99.3,0,91.8
"234","RAP","Bolivar","Indet82",FALSE,168,1,0,NA,NA,99.3,0,92.3
"235","RAP","Bolivar","Alibedul",FALSE,169,1,0,NA,NA,99.4,0,92.9
"236","RAP","Bolivar","Ingasp1",FALSE,170,1,0,NA,NA,99.4,0,93.4
"237","RAP","Bolivar","Tetrmucr",FALSE,171,1,0,NA,NA,99.5,0,94
"238","RAP","Bolivar","Plateleg",FALSE,172,1,0,NA,NA,99.5,0,94.5
"239","RAP","Bolivar","Schnsp3",FALSE,173,1,0,NA,NA,99.6,0,95.1
"240","RAP","Bolivar","Ardifoet",FALSE,174,1,0,NA,NA,99.6,0,95.6
"241","RAP","Bolivar","Lecymino",FALSE,175,1,0,NA,NA,99.7,0,96.2
"242","RAP","Bolivar","Indet31",FALSE,176,1,0,NA,NA,99.7,0,96.7
"243","RAP","Bolivar","Tricpall",FALSE,177,1,0,NA,NA,99.8,0,97.3
"244","RAP","Bolivar","Stylmicr",FALSE,178,1,0,NA,NA,99.8,0,97.8
"245","RAP","Bolivar","Ingasp5",FALSE,179,1,0,NA,NA,99.9,0,98.4
"246","RAP","Bolivar","Simicord",FALSE,180,1,0,NA,NA,99.9,0,98.9
"247","RAP","Bolivar","Pterrohr",FALSE,181,1,0,NA,NA,100,0,99.5
"248","RAP","Bolivar","Trigsp",FALSE,182,1,0,NA,NA,100,0,100
"249","RAP","Cesar","Guazulmi",TRUE,1,113,10.1,NA,NA,10.1,2.1,0.6
"250","RAP","Cesar","Stemgran",TRUE,2,69,6.2,NA,NA,16.2,1.8,1.2
"251","RAP","Cesar","Casecory",TRUE,3,61,5.4,NA,NA,21.7,1.8,1.8
"252","RAP","Cesar","Pteracap",FALSE,4,51,4.6,NA,NA,26.2,1.7,2.4
"253","RAP","Cesar","Combfrut",FALSE,5,29,2.6,NA,NA,28.8,1.5,3
"254","RAP","Cesar","Bigndive",FALSE,6,28,2.5,NA,NA,31.3,1.4,3.6
"255","RAP","Cesar","Astrgrav",FALSE,7,28,2.5,NA,NA,33.8,1.4,4.2
"256","RAP","Cesar","Handchry",FALSE,8,27,2.4,NA,NA,36.2,1.4,4.8
"257","RAP","Cesar","Dendarbo",FALSE,9,26,2.3,NA,NA,38.6,1.4,5.4
"258","RAP","Cesar","Tetrmucr",FALSE,10,23,2.1,NA,NA,40.6,1.4,6
"259","RAP","Cesar","Petrvolu",FALSE,11,22,2,NA,NA,42.6,1.3,6.5
"260","RAP","Cesar","Prottenu",FALSE,12,21,1.9,NA,NA,44.5,1.3,7.1
"261","RAP","Cesar","Zygiinae",FALSE,13,20,1.8,NA,NA,46.2,1.3,7.7
"262","RAP","Cesar","Pogospec",FALSE,14,19,1.7,NA,NA,47.9,1.3,8.3
"263","RAP","Cesar","Machsp7",FALSE,15,16,1.4,NA,NA,49.4,1.2,8.9
"264","RAP","Cesar","Pipereti",FALSE,16,16,1.4,NA,NA,50.8,1.2,9.5
"265","RAP","Cesar","Fabasp",FALSE,17,15,1.3,NA,NA,52.1,1.2,10.1
"266","RAP","Cesar","Machsp5",FALSE,18,15,1.3,NA,NA,53.5,1.2,10.7
"267","RAP","Cesar","Zygisp",FALSE,19,14,1.2,NA,NA,54.7,1.1,11.3
"268","RAP","Cesar","Vachfarn",FALSE,20,13,1.2,NA,NA,55.9,1.1,11.9
"269","RAP","Cesar","Sponmomb",FALSE,21,13,1.2,NA,NA,57.1,1.1,12.5
"270","RAP","Cesar","Coccpadi",FALSE,22,13,1.2,NA,NA,58.2,1.1,13.1
"271","RAP","Cesar","Cordsp4",FALSE,23,13,1.2,NA,NA,59.4,1.1,13.7
"272","RAP","Cesar","Senetama",FALSE,24,13,1.2,NA,NA,60.5,1.1,14.3
"273","RAP","Cesar","Poutdurl",FALSE,25,11,1,NA,NA,61.5,1,14.9
"274","RAP","Cesar","Casesylv",FALSE,26,11,1,NA,NA,62.5,1,15.5
"275","RAP","Cesar","Prissp",FALSE,27,11,1,NA,NA,63.5,1,16.1
"276","RAP","Cesar","Cochviti",FALSE,28,11,1,NA,NA,64.5,1,16.7
"277","RAP","Cesar","Stylmicr",FALSE,29,10,0.9,NA,NA,65.4,1,17.3
"278","RAP","Cesar","Bignsp2",FALSE,30,9,0.8,NA,NA,66.2,1,17.9
"279","RAP","Cesar","Rondpube",FALSE,31,9,0.8,NA,NA,67,1,18.5
"280","RAP","Cesar","Anacexce",FALSE,32,9,0.8,NA,NA,67.8,1,19
"281","RAP","Cesar","Micospic",FALSE,33,8,0.7,NA,NA,68.5,0.9,19.6
"282","RAP","Cesar","Erytsp1",FALSE,34,8,0.7,NA,NA,69.2,0.9,20.2
"283","RAP","Cesar","Nectturb",FALSE,35,8,0.7,NA,NA,69.9,0.9,20.8
"284","RAP","Cesar","Alsemuti",FALSE,36,8,0.7,NA,NA,70.6,0.9,21.4
"285","RAP","Cesar","Nectlaur",FALSE,37,8,0.7,NA,NA,71.3,0.9,22
"286","RAP","Cesar","Centpara",FALSE,38,8,0.7,NA,NA,72.1,0.9,22.6
"287","RAP","Cesar","Gyroamer",FALSE,39,7,0.6,NA,NA,72.7,0.8,23.2
"288","RAP","Cesar","Nectsp2",FALSE,40,7,0.6,NA,NA,73.3,0.8,23.8
"289","RAP","Cesar","Ficuinsi",FALSE,41,7,0.6,NA,NA,73.9,0.8,24.4
"290","RAP","Cesar","Esenpent",FALSE,42,7,0.6,NA,NA,74.6,0.8,25
"291","RAP","Cesar","Cordbico",FALSE,43,6,0.5,NA,NA,75.1,0.8,25.6
"292","RAP","Cesar","Cordalli",FALSE,44,6,0.5,NA,NA,75.6,0.8,26.2
"293","RAP","Cesar","Cavaplat",FALSE,45,6,0.5,NA,NA,76.2,0.8,26.8
"294","RAP","Cesar","Xylosp2",FALSE,46,6,0.5,NA,NA,76.7,0.8,27.4
"295","RAP","Cesar","Neeavire",FALSE,47,6,0.5,NA,NA,77.2,0.8,28
"296","RAP","Cesar","Cecrpelt",FALSE,48,6,0.5,NA,NA,77.8,0.8,28.6
"297","RAP","Cesar","Fabasp2",FALSE,49,6,0.5,NA,NA,78.3,0.8,29.2
"298","RAP","Cesar","Machsp8",FALSE,50,6,0.5,NA,NA,78.8,0.8,29.8
"299","RAP","Cesar","Vitecomp",FALSE,51,5,0.4,NA,NA,79.3,0.7,30.4
"300","RAP","Cesar","Hamesp",FALSE,52,5,0.4,NA,NA,79.7,0.7,31
"301","RAP","Cesar","Huracrep",FALSE,53,5,0.4,NA,NA,80.2,0.7,31.5
"302","RAP","Cesar","Ingasp6",FALSE,54,5,0.4,NA,NA,80.6,0.7,32.1
"303","RAP","Cesar","Stigsp",FALSE,55,4,0.4,NA,NA,81,0.6,32.7
"304","RAP","Cesar","Bignsp5",FALSE,56,4,0.4,NA,NA,81.3,0.6,33.3
"305","RAP","Cesar","Guarguid",FALSE,57,4,0.4,NA,NA,81.7,0.6,33.9
"306","RAP","Cesar","Tetrvolu",FALSE,58,4,0.4,NA,NA,82.1,0.6,34.5
"307","RAP","Cesar","Chomspin",FALSE,59,4,0.4,NA,NA,82.4,0.6,35.1
"308","RAP","Cesar","Browsp",FALSE,60,4,0.4,NA,NA,82.8,0.6,35.7
"309","RAP","Cesar","Eugesp2",FALSE,61,4,0.4,NA,NA,83.1,0.6,36.3
"310","RAP","Cesar","Myrcfall",FALSE,62,4,0.4,NA,NA,83.5,0.6,36.9
"311","RAP","Cesar","Ingasp7",FALSE,63,4,0.4,NA,NA,83.8,0.6,37.5
"312","RAP","Cesar","Erytsp2",FALSE,64,4,0.4,NA,NA,84.2,0.6,38.1
"313","RAP","Cesar","Caseprae",FALSE,65,4,0.4,NA,NA,84.6,0.6,38.7
"314","RAP","Cesar","Tripsp2",FALSE,66,4,0.4,NA,NA,84.9,0.6,39.3
"315","RAP","Cesar","Chiocomp",FALSE,67,4,0.4,NA,NA,85.3,0.6,39.9
"316","RAP","Cesar","Parasp",FALSE,68,4,0.4,NA,NA,85.6,0.6,40.5
"317","RAP","Cesar","Crotsp1",FALSE,69,4,0.4,NA,NA,86,0.6,41.1
"318","RAP","Cesar","Acalmacr",FALSE,70,4,0.4,NA,NA,86.3,0.6,41.7
"319","RAP","Cesar","Termamaz",FALSE,71,3,0.3,NA,NA,86.6,0.5,42.3
"320","RAP","Cesar","Andiiner",FALSE,72,3,0.3,NA,NA,86.9,0.5,42.9
"321","RAP","Cesar","Zizistry",FALSE,73,3,0.3,NA,NA,87.1,0.5,43.5
"322","RAP","Cesar","Nectsp1",FALSE,74,3,0.3,NA,NA,87.4,0.5,44
"323","RAP","Cesar","Macltinc",FALSE,75,3,0.3,NA,NA,87.7,0.5,44.6
"324","RAP","Cesar","Pipeadun",FALSE,76,3,0.3,NA,NA,87.9,0.5,45.2
"325","RAP","Cesar","Homarace",FALSE,77,3,0.3,NA,NA,88.2,0.5,45.8
"326","RAP","Cesar","Persamer",FALSE,78,3,0.3,NA,NA,88.5,0.5,46.4
"327","RAP","Cesar","Poularma",FALSE,79,3,0.3,NA,NA,88.8,0.5,47
"328","RAP","Cesar","Crotgoss",FALSE,80,3,0.3,NA,NA,89,0.5,47.6
"329","RAP","Cesar","Hybaprun",FALSE,81,3,0.3,NA,NA,89.3,0.5,48.2
"330","RAP","Cesar","Aphesp",FALSE,82,3,0.3,NA,NA,89.6,0.5,48.8
"331","RAP","Cesar","Serjsp",FALSE,83,3,0.3,NA,NA,89.8,0.5,49.4
"332","RAP","Cesar","Ipombata",FALSE,84,3,0.3,NA,NA,90.1,0.5,50
"333","RAP","Cesar","Hirttria",FALSE,85,3,0.3,NA,NA,90.4,0.5,50.6
"334","RAP","Cesar","Tetrsp1",FALSE,86,2,0.2,NA,NA,90.5,0.3,51.2
"335","RAP","Cesar","Combdeca",FALSE,87,2,0.2,NA,NA,90.7,0.3,51.8
"336","RAP","Cesar","Guapsp1",FALSE,88,2,0.2,NA,NA,90.9,0.3,52.4
"337","RAP","Cesar","Burssima",FALSE,89,2,0.2,NA,NA,91.1,0.3,53
"338","RAP","Cesar","Fabasp1",FALSE,90,2,0.2,NA,NA,91.2,0.3,53.6
"339","RAP","Cesar","Soursymp",FALSE,91,2,0.2,NA,NA,91.4,0.3,54.2
"340","RAP","Cesar","Pachsess",FALSE,92,2,0.2,NA,NA,91.6,0.3,54.8
"341","RAP","Cesar","Morasp",FALSE,93,2,0.2,NA,NA,91.8,0.3,55.4
"342","RAP","Cesar","Brosalic",FALSE,94,2,0.2,NA,NA,92,0.3,56
"343","RAP","Cesar","Annosp4",FALSE,95,2,0.2,NA,NA,92.1,0.3,56.5
"344","RAP","Cesar","Loncsp",FALSE,96,2,0.2,NA,NA,92.3,0.3,57.1
"345","RAP","Cesar","Indet10",FALSE,97,2,0.2,NA,NA,92.5,0.3,57.7
"346","RAP","Cesar","Swarsp3",FALSE,98,2,0.2,NA,NA,92.7,0.3,58.3
"347","RAP","Cesar","Chrosp",FALSE,99,2,0.2,NA,NA,92.9,0.3,58.9
"348","RAP","Cesar","Indet114",FALSE,100,2,0.2,NA,NA,93,0.3,59.5
"349","RAP","Cesar","Indet4",FALSE,101,2,0.2,NA,NA,93.2,0.3,60.1
"350","RAP","Cesar","Indet112",FALSE,102,2,0.2,NA,NA,93.4,0.3,60.7
"351","RAP","Cesar","Mandsp",FALSE,103,2,0.2,NA,NA,93.6,0.3,61.3
"352","RAP","Cesar","Pachquin",FALSE,104,2,0.2,NA,NA,93.8,0.3,61.9
"353","RAP","Cesar","Banisp1",FALSE,105,2,0.2,NA,NA,93.9,0.3,62.5
"354","RAP","Cesar","Xyloarom",FALSE,106,2,0.2,NA,NA,94.1,0.3,63.1
"355","RAP","Cesar","Mucumuti",FALSE,107,2,0.2,NA,NA,94.3,0.3,63.7
"356","RAP","Cesar","Salasp1",FALSE,108,2,0.2,NA,NA,94.5,0.3,64.3
"357","RAP","Cesar","Sapisapo",FALSE,109,2,0.2,NA,NA,94.6,0.3,64.9
"358","RAP","Cesar","Machsp6",FALSE,110,2,0.2,NA,NA,94.8,0.3,65.5
"359","RAP","Cesar","Piptsp",FALSE,111,1,0.1,NA,NA,94.9,0,66.1
"360","RAP","Cesar","Peltsp",FALSE,112,1,0.1,NA,NA,95,0,66.7
"361","RAP","Cesar","Indet2",FALSE,113,1,0.1,NA,NA,95.1,0,67.3
"362","RAP","Cesar","Sterapet",FALSE,114,1,0.1,NA,NA,95.2,0,67.9
"363","RAP","Cesar","Indet95",FALSE,115,1,0.1,NA,NA,95.3,0,68.5
"364","RAP","Cesar","Solasp2",FALSE,116,1,0.1,NA,NA,95.4,0,69
"365","RAP","Cesar","Sorospru",FALSE,117,1,0.1,NA,NA,95.4,0,69.6
"366","RAP","Cesar","Plathebe",FALSE,118,1,0.1,NA,NA,95.5,0,70.2
"367","RAP","Cesar","Cinntrip",FALSE,119,1,0.1,NA,NA,95.6,0,70.8
"368","RAP","Cesar","Eugeoers",FALSE,120,1,0.1,NA,NA,95.7,0,71.4
"369","RAP","Cesar","Indet16",FALSE,121,1,0.1,NA,NA,95.8,0,72
"370","RAP","Cesar","Pipesp2",FALSE,122,1,0.1,NA,NA,95.9,0,72.6
"371","RAP","Cesar","Cappfron",FALSE,123,1,0.1,NA,NA,96,0,73.2
"372","RAP","Cesar","Randsp1",FALSE,124,1,0.1,NA,NA,96.1,0,73.8
"373","RAP","Cesar","Clusuvit",FALSE,125,1,0.1,NA,NA,96.2,0,74.4
"374","RAP","Cesar","Indet115",FALSE,126,1,0.1,NA,NA,96.2,0,75
"375","RAP","Cesar","Indet118",FALSE,127,1,0.1,NA,NA,96.3,0,75.6
"376","RAP","Cesar","Pipesp1",FALSE,128,1,0.1,NA,NA,96.4,0,76.2
"377","RAP","Cesar","Bignsp3",FALSE,129,1,0.1,NA,NA,96.5,0,76.8
"378","RAP","Cesar","Machbiov",FALSE,130,1,0.1,NA,NA,96.6,0,77.4
"379","RAP","Cesar","Cassgran",FALSE,131,1,0.1,NA,NA,96.7,0,78
"380","RAP","Cesar","Henrgoud",FALSE,132,1,0.1,NA,NA,96.8,0,78.6
"381","RAP","Cesar","Callmagd",FALSE,133,1,0.1,NA,NA,96.9,0,79.2
"382","RAP","Cesar","Nectcusp",FALSE,134,1,0.1,NA,NA,97,0,79.8
"383","RAP","Cesar","Chamalti",FALSE,135,1,0.1,NA,NA,97.1,0,80.4
"384","RAP","Cesar","Courferr",FALSE,136,1,0.1,NA,NA,97.1,0,81
"385","RAP","Cesar","Indet75",FALSE,137,1,0.1,NA,NA,97.2,0,81.5
"386","RAP","Cesar","Indet51",FALSE,138,1,0.1,NA,NA,97.3,0,82.1
"387","RAP","Cesar","Abutgiga",FALSE,139,1,0.1,NA,NA,97.4,0,82.7
"388","RAP","Cesar","Jacasp",FALSE,140,1,0.1,NA,NA,97.5,0,83.3
"389","RAP","Cesar","Glirsepi",FALSE,141,1,0.1,NA,NA,97.6,0,83.9
"390","RAP","Cesar","Stylturb",FALSE,142,1,0.1,NA,NA,97.7,0,84.5
"391","RAP","Cesar","Indet12",FALSE,143,1,0.1,NA,NA,97.8,0,85.1
"392","RAP","Cesar","Indet6",FALSE,144,1,0.1,NA,NA,97.9,0,85.7
"393","RAP","Cesar","Sennsp2",FALSE,145,1,0.1,NA,NA,97.9,0,86.3
"394","RAP","Cesar","Indet71",FALSE,146,1,0.1,NA,NA,98,0,86.9
"395","RAP","Cesar","Indet77",FALSE,147,1,0.1,NA,NA,98.1,0,87.5
"396","RAP","Cesar","Cnidsp",FALSE,148,1,0.1,NA,NA,98.2,0,88.1
"397","RAP","Cesar","Indet57",FALSE,149,1,0.1,NA,NA,98.3,0,88.7
"398","RAP","Cesar","Bactsp3",FALSE,150,1,0.1,NA,NA,98.4,0,89.3
"399","RAP","Cesar","Indet105",FALSE,151,1,0.1,NA,NA,98.5,0,89.9
"400","RAP","Cesar","Indet91",FALSE,152,1,0.1,NA,NA,98.6,0,90.5
"401","RAP","Cesar","Allorace",FALSE,153,1,0.1,NA,NA,98.7,0,91.1
"402","RAP","Cesar","Tripcumi",FALSE,154,1,0.1,NA,NA,98.8,0,91.7
"403","RAP","Cesar","Bignsp4",FALSE,155,1,0.1,NA,NA,98.8,0,92.3
"404","RAP","Cesar","Rubisp",FALSE,156,1,0.1,NA,NA,98.9,0,92.9
"405","RAP","Cesar","Ficusp1",FALSE,157,1,0.1,NA,NA,99,0,93.5
"406","RAP","Cesar","Cestschl",FALSE,158,1,0.1,NA,NA,99.1,0,94
"407","RAP","Cesar","Albisp",FALSE,159,1,0.1,NA,NA,99.2,0,94.6
"408","RAP","Cesar","Indet62",FALSE,160,1,0.1,NA,NA,99.3,0,95.2
"409","RAP","Cesar","Indet18",FALSE,161,1,0.1,NA,NA,99.4,0,95.8
"410","RAP","Cesar","Indet98",FALSE,162,1,0.1,NA,NA,99.5,0,96.4
"411","RAP","Cesar","Pseusept",FALSE,163,1,0.1,NA,NA,99.6,0,97
"412","RAP","Cesar","Entesp1",FALSE,164,1,0.1,NA,NA,99.6,0,97.6
"413","RAP","Cesar","Indet116",FALSE,165,1,0.1,NA,NA,99.7,0,98.2
"414","RAP","Cesar","Cynopoly",FALSE,166,1,0.1,NA,NA,99.8,0,98.8
"415","RAP","Cesar","Ficubeng",FALSE,167,1,0.1,NA,NA,99.9,0,99.4
"416","RAP","Cesar","Indet49",FALSE,168,1,0.1,NA,NA,100,0,100
"417","RAP","Guajira","Pipereti",TRUE,1,201,12.5,NA,NA,12.5,2.3,0.7
"418","RAP","Guajira","Tetrmucr",TRUE,2,178,11.1,NA,NA,23.6,2.3,1.4
"419","RAP","Guajira","Prottenu",TRUE,3,93,5.8,NA,NA,29.4,2,2.1
"420","RAP","Guajira","Cupaamer",FALSE,4,74,4.6,NA,NA,34,1.9,2.8
"421","RAP","Guajira","Troprace",FALSE,5,52,3.2,NA,NA,37.2,1.7,3.5
"422","RAP","Guajira","Myrilong",FALSE,6,46,2.9,NA,NA,40,1.7,4.3
"423","RAP","Guajira","Guazulmi",FALSE,7,42,2.6,NA,NA,42.7,1.6,5
"424","RAP","Guajira","Guarguid",FALSE,8,41,2.5,NA,NA,45.2,1.6,5.7
"425","RAP","Guajira","Virosebi",FALSE,9,39,2.4,NA,NA,47.6,1.6,6.4
"426","RAP","Guajira","Ingasp1",FALSE,10,39,2.4,NA,NA,50.1,1.6,7.1
"427","RAP","Guajira","Clarbifl",FALSE,11,36,2.2,NA,NA,52.3,1.6,7.8
"428","RAP","Guajira","Cecrsp",FALSE,12,32,2,NA,NA,54.3,1.5,8.5
"429","RAP","Guajira","Nectturb",FALSE,13,31,1.9,NA,NA,56.2,1.5,9.2
"430","RAP","Guajira","Cordbico",FALSE,14,28,1.7,NA,NA,58,1.4,9.9
"431","RAP","Guajira","Ficuinsi",FALSE,15,28,1.7,NA,NA,59.7,1.4,10.6
"432","RAP","Guajira","Ingasp3",FALSE,16,28,1.7,NA,NA,61.4,1.4,11.3
"433","RAP","Guajira","Sponmomb",FALSE,17,27,1.7,NA,NA,63.1,1.4,12.1
"434","RAP","Guajira","Dendarbo",FALSE,18,24,1.5,NA,NA,64.6,1.4,12.8
"435","RAP","Guajira","Tetrvolu",FALSE,19,23,1.4,NA,NA,66,1.4,13.5
"436","RAP","Guajira","Attabuty",FALSE,20,21,1.3,NA,NA,67.4,1.3,14.2
"437","RAP","Guajira","Luehspec",FALSE,21,21,1.3,NA,NA,68.7,1.3,14.9
"438","RAP","Guajira","Astrgrav",FALSE,22,18,1.1,NA,NA,69.8,1.3,15.6
"439","RAP","Guajira","Aegilaet",FALSE,23,18,1.1,NA,NA,70.9,1.3,16.3
"440","RAP","Guajira","Combfrut",FALSE,24,17,1.1,NA,NA,72,1.2,17
"441","RAP","Guajira","Bactsp1",FALSE,25,17,1.1,NA,NA,73,1.2,17.7
"442","RAP","Guajira","Acaldive",FALSE,26,16,1,NA,NA,74,1.2,18.4
"443","RAP","Guajira","Nectsp2",FALSE,27,15,0.9,NA,NA,74.9,1.2,19.1
"444","RAP","Guajira","Geniamer",FALSE,28,15,0.9,NA,NA,75.9,1.2,19.9
"445","RAP","Guajira","Sorosp",FALSE,29,13,0.8,NA,NA,76.7,1.1,20.6
"446","RAP","Guajira","Pitttric",FALSE,30,12,0.7,NA,NA,77.4,1.1,21.3
"447","RAP","Guajira","Gouapoly",FALSE,31,12,0.7,NA,NA,78.2,1.1,22
"448","RAP","Guajira","Adenaspe",FALSE,32,11,0.7,NA,NA,78.9,1,22.7
"449","RAP","Guajira","Zantrhoi",FALSE,33,11,0.7,NA,NA,79.5,1,23.4
"450","RAP","Guajira","Banaguia",FALSE,34,11,0.7,NA,NA,80.2,1,24.1
"451","RAP","Guajira","Iserhaen",FALSE,35,9,0.6,NA,NA,80.8,1,24.8
"452","RAP","Guajira","Micospic",FALSE,36,9,0.6,NA,NA,81.3,1,25.5
"453","RAP","Guajira","Laursp3",FALSE,37,9,0.6,NA,NA,81.9,1,26.2
"454","RAP","Guajira","Laursp1",FALSE,38,8,0.5,NA,NA,82.4,0.9,27
"455","RAP","Guajira","Zygiinae",FALSE,39,8,0.5,NA,NA,82.9,0.9,27.7
"456","RAP","Guajira","Stemgran",FALSE,40,8,0.5,NA,NA,83.4,0.9,28.4
"457","RAP","Guajira","Schemoro",FALSE,41,8,0.5,NA,NA,83.9,0.9,29.1
"458","RAP","Guajira","Bixaorel",FALSE,42,8,0.5,NA,NA,84.4,0.9,29.8
"459","RAP","Guajira","Sennsp1",FALSE,43,8,0.5,NA,NA,84.9,0.9,30.5
"460","RAP","Guajira","Hybaprun",FALSE,44,8,0.5,NA,NA,85.4,0.9,31.2
"461","RAP","Guajira","Hirttria",FALSE,45,7,0.4,NA,NA,85.8,0.8,31.9
"462","RAP","Guajira","Brosalic",FALSE,46,7,0.4,NA,NA,86.3,0.8,32.6
"463","RAP","Guajira","Chrysp",FALSE,47,6,0.4,NA,NA,86.6,0.8,33.3
"464","RAP","Guajira","Cordsp1",FALSE,48,6,0.4,NA,NA,87,0.8,34
"465","RAP","Guajira","Brossp1",FALSE,49,6,0.4,NA,NA,87.4,0.8,34.8
"466","RAP","Guajira","Prioaspe",FALSE,50,6,0.4,NA,NA,87.7,0.8,35.5
"467","RAP","Guajira","Thevahou",FALSE,51,6,0.4,NA,NA,88.1,0.8,36.2
"468","RAP","Guajira","Connpana",FALSE,52,6,0.4,NA,NA,88.5,0.8,36.9
"469","RAP","Guajira","Paripach",FALSE,53,5,0.3,NA,NA,88.8,0.7,37.6
"470","RAP","Guajira","Luehseem",FALSE,54,5,0.3,NA,NA,89.1,0.7,38.3
"471","RAP","Guajira","Ptercolo",FALSE,55,5,0.3,NA,NA,89.4,0.7,39
"472","RAP","Guajira","Entesp2",FALSE,56,5,0.3,NA,NA,89.7,0.7,39.7
"473","RAP","Guajira","Simaferr",FALSE,57,5,0.3,NA,NA,90,0.7,40.4
"474","RAP","Guajira","Poutsp1",FALSE,58,5,0.3,NA,NA,90.4,0.7,41.1
"475","RAP","Guajira","Cochviti",FALSE,59,5,0.3,NA,NA,90.7,0.7,41.8
"476","RAP","Guajira","Anacexce",FALSE,60,5,0.3,NA,NA,91,0.7,42.6
"477","RAP","Guajira","Ardibart",FALSE,61,4,0.2,NA,NA,91.2,0.6,43.3
"478","RAP","Guajira","Mangindi",FALSE,62,4,0.2,NA,NA,91.5,0.6,44
"479","RAP","Guajira","Theocaca",FALSE,63,4,0.2,NA,NA,91.7,0.6,44.7
"480","RAP","Guajira","Bigndive",FALSE,64,4,0.2,NA,NA,92,0.6,45.4
"481","RAP","Guajira","Peraarbo",FALSE,65,4,0.2,NA,NA,92.2,0.6,46.1
"482","RAP","Guajira","Laursp4",FALSE,66,4,0.2,NA,NA,92.5,0.6,46.8
"483","RAP","Guajira","Laursp2",FALSE,67,4,0.2,NA,NA,92.7,0.6,47.5
"484","RAP","Guajira","Ixorflor",FALSE,68,3,0.2,NA,NA,92.9,0.5,48.2
"485","RAP","Guajira","Cissvert",FALSE,69,3,0.2,NA,NA,93.1,0.5,48.9
"486","RAP","Guajira","Xylotess",FALSE,70,3,0.2,NA,NA,93.3,0.5,49.6
"487","RAP","Guajira","Poularma",FALSE,71,3,0.2,NA,NA,93.5,0.5,50.4
"488","RAP","Guajira","Pipesp3",FALSE,72,3,0.2,NA,NA,93.7,0.5,51.1
"489","RAP","Guajira","Bignsp1",FALSE,73,3,0.2,NA,NA,93.8,0.5,51.8
"490","RAP","Guajira","Ingasp2",FALSE,74,3,0.2,NA,NA,94,0.5,52.5
"491","RAP","Guajira","Casesylv",FALSE,75,3,0.2,NA,NA,94.2,0.5,53.2
"492","RAP","Guajira","Serjsp",FALSE,76,3,0.2,NA,NA,94.4,0.5,53.9
"493","RAP","Guajira","Machsp6",FALSE,77,3,0.2,NA,NA,94.6,0.5,54.6
"494","RAP","Guajira","Arismaxi",FALSE,78,3,0.2,NA,NA,94.8,0.5,55.3
"495","RAP","Guajira","Schnguia",FALSE,79,3,0.2,NA,NA,95,0.5,56
"496","RAP","Guajira","Machsp4",FALSE,80,3,0.2,NA,NA,95.1,0.5,56.7
"497","RAP","Guajira","Machsp2",FALSE,81,2,0.1,NA,NA,95.3,0.3,57.4
"498","RAP","Guajira","Ochrpyra",FALSE,82,2,0.1,NA,NA,95.4,0.3,58.2
"499","RAP","Guajira","Sabamaur",FALSE,83,2,0.1,NA,NA,95.5,0.3,58.9
"500","RAP","Guajira","Lecymino",FALSE,84,2,0.1,NA,NA,95.6,0.3,59.6
"501","RAP","Guajira","Indet139",FALSE,85,2,0.1,NA,NA,95.8,0.3,60.3
"502","RAP","Guajira","Machsp9",FALSE,86,2,0.1,NA,NA,95.9,0.3,61
"503","RAP","Guajira","Laciaggr",FALSE,87,2,0.1,NA,NA,96,0.3,61.7
"504","RAP","Guajira","Stigdich",FALSE,88,2,0.1,NA,NA,96.1,0.3,62.4
"505","RAP","Guajira","Phylacum",FALSE,89,2,0.1,NA,NA,96.3,0.3,63.1
"506","RAP","Guajira","Solasp1",FALSE,90,2,0.1,NA,NA,96.4,0.3,63.8
"507","RAP","Guajira","Neeavire",FALSE,91,2,0.1,NA,NA,96.5,0.3,64.5
"508","RAP","Guajira","Poutsp2",FALSE,92,2,0.1,NA,NA,96.6,0.3,65.2
"509","RAP","Guajira","Senetest",FALSE,93,2,0.1,NA,NA,96.8,0.3,66
"510","RAP","Guajira","Handsp",FALSE,94,2,0.1,NA,NA,96.9,0.3,66.7
"511","RAP","Guajira","Parasinu",FALSE,95,2,0.1,NA,NA,97,0.3,67.4
"512","RAP","Guajira","Mascdiva",FALSE,96,2,0.1,NA,NA,97.1,0.3,68.1
"513","RAP","Guajira","Sorospru",FALSE,97,2,0.1,NA,NA,97.3,0.3,68.8
"514","RAP","Guajira","Indet29",FALSE,98,1,0.1,NA,NA,97.3,0,69.5
"515","RAP","Guajira","Indet42",FALSE,99,1,0.1,NA,NA,97.4,0,70.2
"516","RAP","Guajira","Indet48",FALSE,100,1,0.1,NA,NA,97.5,0,70.9
"517","RAP","Guajira","Ficusp3",FALSE,101,1,0.1,NA,NA,97.5,0,71.6
"518","RAP","Guajira","Indet47",FALSE,102,1,0.1,NA,NA,97.6,0,72.3
"519","RAP","Guajira","Plathebe",FALSE,103,1,0.1,NA,NA,97.6,0,73
"520","RAP","Guajira","Indet145",FALSE,104,1,0.1,NA,NA,97.7,0,73.8
"521","RAP","Guajira","Pittsp",FALSE,105,1,0.1,NA,NA,97.8,0,74.5
"522","RAP","Guajira","Carlpalm",FALSE,106,1,0.1,NA,NA,97.8,0,75.2
"523","RAP","Guajira","Vitecomp",FALSE,107,1,0.1,NA,NA,97.9,0,75.9
"524","RAP","Guajira","Indet129",FALSE,108,1,0.1,NA,NA,97.9,0,76.6
"525","RAP","Guajira","Annosp1",FALSE,109,1,0.1,NA,NA,98,0,77.3
"526","RAP","Guajira","Ceibpent",FALSE,110,1,0.1,NA,NA,98.1,0,78
"527","RAP","Guajira","Eugesp1",FALSE,111,1,0.1,NA,NA,98.1,0,78.7
"528","RAP","Guajira","Indet90",FALSE,112,1,0.1,NA,NA,98.2,0,79.4
"529","RAP","Guajira","Ptersp2",FALSE,113,1,0.1,NA,NA,98.3,0,80.1
"530","RAP","Guajira","Aspisp1",FALSE,114,1,0.1,NA,NA,98.3,0,80.9
"531","RAP","Guajira","Dugusp",FALSE,115,1,0.1,NA,NA,98.4,0,81.6
"532","RAP","Guajira","Annorens",FALSE,116,1,0.1,NA,NA,98.4,0,82.3
"533","RAP","Guajira","Indet76",FALSE,117,1,0.1,NA,NA,98.5,0,83
"534","RAP","Guajira","Unoncolo",FALSE,118,1,0.1,NA,NA,98.6,0,83.7
"535","RAP","Guajira","Marssp",FALSE,119,1,0.1,NA,NA,98.6,0,84.4
"536","RAP","Guajira","Malvconc",FALSE,120,1,0.1,NA,NA,98.7,0,85.1
"537","RAP","Guajira","Indet113",FALSE,121,1,0.1,NA,NA,98.8,0,85.8
"538","RAP","Guajira","Sloatuer",FALSE,122,1,0.1,NA,NA,98.8,0,86.5
"539","RAP","Guajira","Myrcfall",FALSE,123,1,0.1,NA,NA,98.9,0,87.2
"540","RAP","Guajira","Rudgsp",FALSE,124,1,0.1,NA,NA,98.9,0,87.9
"541","RAP","Guajira","Garcnuta",FALSE,125,1,0.1,NA,NA,99,0,88.7
"542","RAP","Guajira","Faraocci",FALSE,126,1,0.1,NA,NA,99.1,0,89.4
"543","RAP","Guajira","Indet72",FALSE,127,1,0.1,NA,NA,99.1,0,90.1
"544","RAP","Guajira","Malvsp",FALSE,128,1,0.1,NA,NA,99.2,0,90.8
"545","RAP","Guajira","Tricmart",FALSE,129,1,0.1,NA,NA,99.3,0,91.5
"546","RAP","Guajira","Indet121",FALSE,130,1,0.1,NA,NA,99.3,0,92.2
"547","RAP","Guajira","Picrlati",FALSE,131,1,0.1,NA,NA,99.4,0,92.9
"548","RAP","Guajira","Myrisp",FALSE,132,1,0.1,NA,NA,99.4,0,93.6
"549","RAP","Guajira","Indet36",FALSE,133,1,0.1,NA,NA,99.5,0,94.3
"550","RAP","Guajira","Coccacum",FALSE,134,1,0.1,NA,NA,99.6,0,95
"551","RAP","Guajira","Eugeoers",FALSE,135,1,0.1,NA,NA,99.6,0,95.7
"552","RAP","Guajira","Indet87",FALSE,136,1,0.1,NA,NA,99.7,0,96.5
"553","RAP","Guajira","Indet81",FALSE,137,1,0.1,NA,NA,99.8,0,97.2
"554","RAP","Guajira","Casecory",FALSE,138,1,0.1,NA,NA,99.8,0,97.9
"555","RAP","Guajira","Diocsp",FALSE,139,1,0.1,NA,NA,99.9,0,98.6
"556","RAP","Guajira","Xylofrut",FALSE,140,1,0.1,NA,NA,99.9,0,99.3
"557","RAP","Guajira","Henrfasc",FALSE,141,1,0.1,NA,NA,100,0,100
"558","RAP","Huila","Machcapo",TRUE,1,217,9.7,NA,NA,9.7,2.3,0.8
"559","RAP","Huila","Eugeproc",TRUE,2,194,8.6,NA,NA,18.3,2.3,1.6
"560","RAP","Huila","Eugevene",TRUE,3,142,6.3,NA,NA,24.6,2.2,2.5
"561","RAP","Huila","Myrcfall",FALSE,4,132,5.9,NA,NA,30.5,2.1,3.3
"562","RAP","Huila","Laursp7",FALSE,5,108,4.8,NA,NA,35.3,2,4.1
"563","RAP","Huila","Pilogoud",FALSE,6,104,4.6,NA,NA,39.9,2,4.9
"564","RAP","Huila","Casesylv",FALSE,7,88,3.9,NA,NA,43.9,1.9,5.7
"565","RAP","Huila","Eugeflor",FALSE,8,85,3.8,NA,NA,47.6,1.9,6.6
"566","RAP","Huila","Cinntrip",FALSE,9,63,2.8,NA,NA,50.4,1.8,7.4
"567","RAP","Huila","Guazulmi",FALSE,10,59,2.6,NA,NA,53.1,1.8,8.2
"568","RAP","Huila","Hirtamer",FALSE,11,57,2.5,NA,NA,55.6,1.8,9
"569","RAP","Huila","Xyloarom",FALSE,12,54,2.4,NA,NA,58,1.7,9.8
"570","RAP","Huila","Chomspin",FALSE,13,48,2.1,NA,NA,60.2,1.7,10.7
"571","RAP","Huila","Casecory",FALSE,14,47,2.1,NA,NA,62.2,1.7,11.5
"572","RAP","Huila","Banaibag",FALSE,15,44,2,NA,NA,64.2,1.6,12.3
"573","RAP","Huila","Petrpube",FALSE,16,42,1.9,NA,NA,66.1,1.6,13.1
"574","RAP","Huila","Cordalli",FALSE,17,35,1.6,NA,NA,67.6,1.5,13.9
"575","RAP","Huila","Combfrut",FALSE,18,33,1.5,NA,NA,69.1,1.5,14.8
"576","RAP","Huila","Callacum",FALSE,19,29,1.3,NA,NA,70.4,1.5,15.6
"577","RAP","Huila","Sponmomb",FALSE,20,29,1.3,NA,NA,71.7,1.5,16.4
"578","RAP","Huila","Pithlanc",FALSE,21,28,1.2,NA,NA,72.9,1.4,17.2
"579","RAP","Huila","Guapcost",FALSE,22,26,1.2,NA,NA,74.1,1.4,18
"580","RAP","Huila","Petrrugo",FALSE,23,24,1.1,NA,NA,75.2,1.4,18.9
"581","RAP","Huila","Laursp6",FALSE,24,20,0.9,NA,NA,76,1.3,19.7
"582","RAP","Huila","Couthexa",FALSE,25,20,0.9,NA,NA,76.9,1.3,20.5
"583","RAP","Huila","Eugebifl",FALSE,26,18,0.8,NA,NA,77.7,1.3,21.3
"584","RAP","Huila","Picrlati",FALSE,27,18,0.8,NA,NA,78.5,1.3,22.1
"585","RAP","Huila","Annorufi",FALSE,28,18,0.8,NA,NA,79.3,1.3,23
"586","RAP","Huila","Macltinc",FALSE,29,18,0.8,NA,NA,80.1,1.3,23.8
"587","RAP","Huila","Laursp5",FALSE,30,18,0.8,NA,NA,80.9,1.3,24.6
"588","RAP","Huila","Handochr",FALSE,31,17,0.8,NA,NA,81.7,1.2,25.4
"589","RAP","Huila","Petrmayn",FALSE,32,16,0.7,NA,NA,82.4,1.2,26.2
"590","RAP","Huila","Erytmacr",FALSE,33,16,0.7,NA,NA,83.1,1.2,27
"591","RAP","Huila","Casesp2",FALSE,34,15,0.7,NA,NA,83.8,1.2,27.9
"592","RAP","Huila","Poutcaim",FALSE,35,14,0.6,NA,NA,84.4,1.1,28.7
"593","RAP","Huila","Secucori",FALSE,36,14,0.6,NA,NA,85,1.1,29.5
"594","RAP","Huila","Astrgrav",FALSE,37,14,0.6,NA,NA,85.7,1.1,30.3
"595","RAP","Huila","Attabuty",FALSE,38,14,0.6,NA,NA,86.3,1.1,31.1
"596","RAP","Huila","Cupaamer",FALSE,39,13,0.6,NA,NA,86.9,1.1,32
"597","RAP","Huila","Sapisapo",FALSE,40,13,0.6,NA,NA,87.4,1.1,32.8
"598","RAP","Huila","Fridpube",FALSE,41,12,0.5,NA,NA,88,1.1,33.6
"599","RAP","Huila","Laciaggr",FALSE,42,11,0.5,NA,NA,88.5,1,34.4
"600","RAP","Huila","Sorospru",FALSE,43,11,0.5,NA,NA,89,1,35.2
"601","RAP","Huila","Geniamer",FALSE,44,10,0.4,NA,NA,89.4,1,36.1
"602","RAP","Huila","Amyrpinn",FALSE,45,10,0.4,NA,NA,89.8,1,36.9
"603","RAP","Huila","Acalvill",FALSE,46,9,0.4,NA,NA,90.2,1,37.7
"604","RAP","Huila","Esenalat",FALSE,47,9,0.4,NA,NA,90.7,1,38.5
"605","RAP","Huila","Euphcoti",FALSE,48,9,0.4,NA,NA,91.1,1,39.3
"606","RAP","Huila","Cupacine",FALSE,49,9,0.4,NA,NA,91.5,1,40.2
"607","RAP","Huila","Cynopoly",FALSE,50,8,0.4,NA,NA,91.8,0.9,41
"608","RAP","Huila","Stylturb",FALSE,51,7,0.3,NA,NA,92.1,0.8,41.8
"609","RAP","Huila","Tapiguia",FALSE,52,7,0.3,NA,NA,92.4,0.8,42.6
"610","RAP","Huila","Cupasp2",FALSE,53,7,0.3,NA,NA,92.7,0.8,43.4
"611","RAP","Huila","Clussp2",FALSE,54,7,0.3,NA,NA,93.1,0.8,44.3
"612","RAP","Huila","Burstome",FALSE,55,6,0.3,NA,NA,93.3,0.8,45.1
"613","RAP","Huila","Zantacum",FALSE,56,6,0.3,NA,NA,93.6,0.8,45.9
"614","RAP","Huila","Myrssp",FALSE,57,5,0.2,NA,NA,93.8,0.7,46.7
"615","RAP","Huila","Cecrpelt",FALSE,58,5,0.2,NA,NA,94,0.7,47.5
"616","RAP","Huila","Zantsp4",FALSE,59,5,0.2,NA,NA,94.3,0.7,48.4
"617","RAP","Huila","Swarsp4",FALSE,60,5,0.2,NA,NA,94.5,0.7,49.2
"618","RAP","Huila","Buncpseu",FALSE,61,5,0.2,NA,NA,94.7,0.7,50
"619","RAP","Huila","Zantschr",FALSE,62,5,0.2,NA,NA,94.9,0.7,50.8
"620","RAP","Huila","Eugeflav",FALSE,63,5,0.2,NA,NA,95.1,0.7,51.6
"621","RAP","Huila","Curaamer",FALSE,64,5,0.2,NA,NA,95.4,0.7,52.5
"622","RAP","Huila","Psycsp",FALSE,65,5,0.2,NA,NA,95.6,0.7,53.3
"623","RAP","Huila","Pseuguac",FALSE,66,4,0.2,NA,NA,95.8,0.6,54.1
"624","RAP","Huila","Albiniop",FALSE,67,4,0.2,NA,NA,95.9,0.6,54.9
"625","RAP","Huila","Tetrsp2",FALSE,68,4,0.2,NA,NA,96.1,0.6,55.7
"626","RAP","Huila","Zantlent",FALSE,69,4,0.2,NA,NA,96.3,0.6,56.6
"627","RAP","Huila","Pseusept",FALSE,70,4,0.2,NA,NA,96.5,0.6,57.4
"628","RAP","Huila","Stemgran",FALSE,71,3,0.1,NA,NA,96.6,0.5,58.2
"629","RAP","Huila","Celtigua",FALSE,72,3,0.1,NA,NA,96.7,0.5,59
"630","RAP","Huila","Indet62",FALSE,73,3,0.1,NA,NA,96.9,0.5,59.8
"631","RAP","Huila","Mabemont",FALSE,74,3,0.1,NA,NA,97,0.5,60.7
"632","RAP","Huila","Ficusp6",FALSE,75,3,0.1,NA,NA,97.2,0.5,61.5
"633","RAP","Huila","Serjsp",FALSE,76,3,0.1,NA,NA,97.3,0.5,62.3
"634","RAP","Huila","Anacexce",FALSE,77,2,0.1,NA,NA,97.4,0.3,63.1
"635","RAP","Huila","Indet89",FALSE,78,2,0.1,NA,NA,97.5,0.3,63.9
"636","RAP","Huila","Sipasess",FALSE,79,2,0.1,NA,NA,97.6,0.3,64.8
"637","RAP","Huila","Machsp11",FALSE,80,2,0.1,NA,NA,97.6,0.3,65.6
"638","RAP","Huila","Helispru",FALSE,81,2,0.1,NA,NA,97.7,0.3,66.4
"639","RAP","Huila","Tricmart",FALSE,82,2,0.1,NA,NA,97.8,0.3,67.2
"640","RAP","Huila","Dilocost",FALSE,83,2,0.1,NA,NA,97.9,0.3,68
"641","RAP","Huila","Ixorfinl",FALSE,84,2,0.1,NA,NA,98,0.3,68.9
"642","RAP","Huila","Ficusp7",FALSE,85,2,0.1,NA,NA,98.1,0.3,69.7
"643","RAP","Huila","Ficusp8",FALSE,86,2,0.1,NA,NA,98.2,0.3,70.5
"644","RAP","Huila","Ingasp9",FALSE,87,2,0.1,NA,NA,98.3,0.3,71.3
"645","RAP","Huila","Indet57",FALSE,88,2,0.1,NA,NA,98.4,0.3,72.1
"646","RAP","Huila","Psidguin",FALSE,89,2,0.1,NA,NA,98.4,0.3,73
"647","RAP","Huila","Indet190",FALSE,90,2,0.1,NA,NA,98.5,0.3,73.8
"648","RAP","Huila","Ficuinsi",FALSE,91,2,0.1,NA,NA,98.6,0.3,74.6
"649","RAP","Huila","Indet53",FALSE,92,1,0,NA,NA,98.7,0,75.4
"650","RAP","Huila","Sapisp2",FALSE,93,1,0,NA,NA,98.7,0,76.2
"651","RAP","Huila","Apocsp2",FALSE,94,1,0,NA,NA,98.8,0,77
"652","RAP","Huila","Allorace",FALSE,95,1,0,NA,NA,98.8,0,77.9
"653","RAP","Huila","Xylosp3",FALSE,96,1,0,NA,NA,98.8,0,78.7
"654","RAP","Huila","Vascgoud",FALSE,97,1,0,NA,NA,98.9,0,79.5
"655","RAP","Huila","Pachsuba",FALSE,98,1,0,NA,NA,98.9,0,80.3
"656","RAP","Huila","Indet144",FALSE,99,1,0,NA,NA,99,0,81.1
"657","RAP","Huila","Indet223",FALSE,100,1,0,NA,NA,99,0,82
"658","RAP","Huila","Maprguia",FALSE,101,1,0,NA,NA,99.1,0,82.8
"659","RAP","Huila","Vachsp",FALSE,102,1,0,NA,NA,99.1,0,83.6
"660","RAP","Huila","Micospic",FALSE,103,1,0,NA,NA,99.2,0,84.4
"661","RAP","Huila","Bactsp4",FALSE,104,1,0,NA,NA,99.2,0,85.2
"662","RAP","Huila","Gouasp",FALSE,105,1,0,NA,NA,99.2,0,86.1
"663","RAP","Huila","Indet59",FALSE,106,1,0,NA,NA,99.3,0,86.9
"664","RAP","Huila","Casesp3",FALSE,107,1,0,NA,NA,99.3,0,87.7
"665","RAP","Huila","Handchry",FALSE,108,1,0,NA,NA,99.4,0,88.5
"666","RAP","Huila","Indet22",FALSE,109,1,0,NA,NA,99.4,0,89.3
"667","RAP","Huila","Dendarbo",FALSE,110,1,0,NA,NA,99.5,0,90.2
"668","RAP","Huila","Indet41",FALSE,111,1,0,NA,NA,99.5,0,91
"669","RAP","Huila","Clussp1",FALSE,112,1,0,NA,NA,99.6,0,91.8
"670","RAP","Huila","Aspicusp",FALSE,113,1,0,NA,NA,99.6,0,92.6
"671","RAP","Huila","Indet7",FALSE,114,1,0,NA,NA,99.6,0,93.4
"672","RAP","Huila","Indet27",FALSE,115,1,0,NA,NA,99.7,0,94.3
"673","RAP","Huila","Ingasp8",FALSE,116,1,0,NA,NA,99.7,0,95.1
"674","RAP","Huila","Indet227",FALSE,117,1,0,NA,NA,99.8,0,95.9
"675","RAP","Huila","Crothibi",FALSE,118,1,0,NA,NA,99.8,0,96.7
"676","RAP","Huila","Ficusp5",FALSE,119,1,0,NA,NA,99.9,0,97.5
"677","RAP","Huila","Indet138",FALSE,120,1,0,NA,NA,99.9,0,98.4
"678","RAP","Huila","Machbiov",FALSE,121,1,0,NA,NA,100,0,99.2
"679","RAP","Huila","Indet50",FALSE,122,1,0,NA,NA,100,0,100
"680","RAP","Patia","Handchry",TRUE,1,292,34.9,NA,NA,34.9,2.5,7.1
"681","RAP","Patia","Zantfaga",TRUE,2,174,20.8,NA,NA,55.7,2.2,14.3
"682","RAP","Patia","Jatrgoss",TRUE,3,165,19.7,NA,NA,75.5,2.2,21.4
"683","RAP","Patia","Cynosp",FALSE,4,69,8.3,NA,NA,83.7,1.8,28.6
"684","RAP","Patia","Vachpenn",FALSE,5,53,6.3,NA,NA,90.1,1.7,35.7
"685","RAP","Patia","Lanthaug",FALSE,6,17,2,NA,NA,92.1,1.2,42.9
"686","RAP","Patia","Caescass",FALSE,7,17,2,NA,NA,94.1,1.2,50
"687","RAP","Patia","Erytjaim",FALSE,8,14,1.7,NA,NA,95.8,1.1,57.1
"688","RAP","Patia","Sennobtu",FALSE,9,11,1.3,NA,NA,97.1,1,64.3
"689","RAP","Patia","Malpglab",FALSE,10,11,1.3,NA,NA,98.4,1,71.4
"690","RAP","Patia","Cniduren",FALSE,11,7,0.8,NA,NA,99.3,0.8,78.6
"691","RAP","Patia","Burstome",FALSE,12,3,0.4,NA,NA,99.6,0.5,85.7
"692","RAP","Patia","Abutibar",FALSE,13,2,0.2,NA,NA,99.9,0.3,92.9
"693","RAP","Patia","Schafrut",FALSE,14,1,0.1,NA,NA,100,0,100
"694","RAP","Tolima","Oxanespi",TRUE,1,203,9,NA,NA,9,2.3,0.7
"695","RAP","Tolima","Tricolig",TRUE,2,142,6.3,NA,NA,15.3,2.2,1.4
"696","RAP","Tolima","Guadangu",TRUE,3,129,5.7,NA,NA,21.1,2.1,2.2
"697","RAP","Tolima","Cocccoro",FALSE,4,111,4.9,NA,NA,26,2,2.9
"698","RAP","Tolima","Cordalli",FALSE,5,77,3.4,NA,NA,29.4,1.9,3.6
"699","RAP","Tolima","Eugesp2",FALSE,6,75,3.3,NA,NA,32.7,1.9,4.3
"700","RAP","Tolima","Callterg",FALSE,7,74,3.3,NA,NA,36,1.9,5
"701","RAP","Tolima","Pressp",FALSE,8,72,3.2,NA,NA,39.2,1.9,5.8
"702","RAP","Tolima","Pipemarg",FALSE,9,72,3.2,NA,NA,42.4,1.9,6.5
"703","RAP","Tolima","Guazulmi",FALSE,10,60,2.7,NA,NA,45.1,1.8,7.2
"704","RAP","Tolima","Eugesp1",FALSE,11,55,2.4,NA,NA,47.5,1.7,7.9
"705","RAP","Tolima","Couthexa",FALSE,12,50,2.2,NA,NA,49.8,1.7,8.6
"706","RAP","Tolima","Nectacut",FALSE,13,49,2.2,NA,NA,51.9,1.7,9.4
"707","RAP","Tolima","Machtoli",FALSE,14,49,2.2,NA,NA,54.1,1.7,10.1
"708","RAP","Tolima","Attabuty",FALSE,15,47,2.1,NA,NA,56.2,1.7,10.8
"709","RAP","Tolima","Casecory",FALSE,16,47,2.1,NA,NA,58.3,1.7,11.5
"710","RAP","Tolima","Zantrigi",FALSE,17,45,2,NA,NA,60.3,1.7,12.2
"711","RAP","Tolima","Eugesp3",FALSE,18,37,1.6,NA,NA,61.9,1.6,12.9
"712","RAP","Tolima","Anacexce",FALSE,19,35,1.6,NA,NA,63.5,1.5,13.7
"713","RAP","Tolima","Stylturb",FALSE,20,34,1.5,NA,NA,65,1.5,14.4
"714","RAP","Tolima","Sorospru",FALSE,21,31,1.4,NA,NA,66.4,1.5,15.1
"715","RAP","Tolima","Casesylv",FALSE,22,30,1.3,NA,NA,67.7,1.5,15.8
"716","RAP","Tolima","Randdioi",FALSE,23,29,1.3,NA,NA,69,1.5,16.5
"717","RAP","Tolima","Centpara",FALSE,24,28,1.2,NA,NA,70.2,1.4,17.3
"718","RAP","Tolima","Tripamer",FALSE,25,26,1.2,NA,NA,71.4,1.4,18
"719","RAP","Tolima","Poutcaim",FALSE,26,26,1.2,NA,NA,72.5,1.4,18.7
"720","RAP","Tolima","Swarrobi",FALSE,27,23,1,NA,NA,73.6,1.4,19.4
"721","RAP","Tolima","Machmicr",FALSE,28,22,1,NA,NA,74.5,1.3,20.1
"722","RAP","Tolima","Swarsimp",FALSE,29,19,0.8,NA,NA,75.4,1.3,20.9
"723","RAP","Tolima","Cupalati",FALSE,30,19,0.8,NA,NA,76.2,1.3,21.6
"724","RAP","Tolima","Casesp",FALSE,31,19,0.8,NA,NA,77.1,1.3,22.3
"725","RAP","Tolima","Myrcfall",FALSE,32,18,0.8,NA,NA,77.9,1.3,23
"726","RAP","Tolima","Astrgrav",FALSE,33,17,0.8,NA,NA,78.6,1.2,23.7
"727","RAP","Tolima","Erytulei",FALSE,34,16,0.7,NA,NA,79.3,1.2,24.5
"728","RAP","Tolima","Aiphacul",FALSE,35,15,0.7,NA,NA,80,1.2,25.2
"729","RAP","Tolima","Dendcauc",FALSE,36,15,0.7,NA,NA,80.7,1.2,25.9
"730","RAP","Tolima","Ampealbe",FALSE,37,15,0.7,NA,NA,81.3,1.2,26.6
"731","RAP","Tolima","Eugeunif",FALSE,38,15,0.7,NA,NA,82,1.2,27.3
"732","RAP","Tolima","Machcapo",FALSE,39,13,0.6,NA,NA,82.6,1.1,28.1
"733","RAP","Tolima","Tricpall",FALSE,40,12,0.5,NA,NA,83.1,1.1,28.8
"734","RAP","Tolima","Sponmomb",FALSE,41,12,0.5,NA,NA,83.7,1.1,29.5
"735","RAP","Tolima","Erythond",FALSE,42,10,0.4,NA,NA,84.1,1,30.2
"736","RAP","Tolima","Rondpube",FALSE,43,10,0.4,NA,NA,84.5,1,30.9
"737","RAP","Tolima","Sorotrop",FALSE,44,10,0.4,NA,NA,85,1,31.7
"738","RAP","Tolima","Apeitibo",FALSE,45,10,0.4,NA,NA,85.4,1,32.4
"739","RAP","Tolima","Jacahesp",FALSE,46,10,0.4,NA,NA,85.9,1,33.1
"740","RAP","Tolima","Trichirt",FALSE,47,10,0.4,NA,NA,86.3,1,33.8
"741","RAP","Tolima","Pseusept",FALSE,48,10,0.4,NA,NA,86.8,1,34.5
"742","RAP","Tolima","Forsspic",FALSE,49,9,0.4,NA,NA,87.2,1,35.3
"743","RAP","Tolima","Ocotlong",FALSE,50,9,0.4,NA,NA,87.6,1,36
"744","RAP","Tolima","Termamaz",FALSE,51,9,0.4,NA,NA,88,1,36.7
"745","RAP","Tolima","Ingasp",FALSE,52,9,0.4,NA,NA,88.4,1,37.4
"746","RAP","Tolima","Tricappe",FALSE,53,9,0.4,NA,NA,88.8,1,38.1
"747","RAP","Tolima","Nectturb",FALSE,54,8,0.4,NA,NA,89.1,0.9,38.8
"748","RAP","Tolima","Malpglab",FALSE,55,8,0.4,NA,NA,89.5,0.9,39.6
"749","RAP","Tolima","Casecomb",FALSE,56,8,0.4,NA,NA,89.8,0.9,40.3
"750","RAP","Tolima","Petrrugo",FALSE,57,8,0.4,NA,NA,90.2,0.9,41
"751","RAP","Tolima","Guarsp",FALSE,58,8,0.4,NA,NA,90.5,0.9,41.7
"752","RAP","Tolima","Poutglom",FALSE,59,8,0.4,NA,NA,90.9,0.9,42.4
"753","RAP","Tolima","Amyrpinn",FALSE,60,7,0.3,NA,NA,91.2,0.8,43.2
"754","RAP","Tolima","Cespspat",FALSE,61,7,0.3,NA,NA,91.5,0.8,43.9
"755","RAP","Tolima","Hieralch",FALSE,62,7,0.3,NA,NA,91.8,0.8,44.6
"756","RAP","Tolima","Neeaampl",FALSE,63,6,0.3,NA,NA,92.1,0.8,45.3
"757","RAP","Tolima","Ormosp1",FALSE,64,6,0.3,NA,NA,92.4,0.8,46
"758","RAP","Tolima","Chlomang",FALSE,65,6,0.3,NA,NA,92.6,0.8,46.8
"759","RAP","Tolima","Erytmacr",FALSE,66,6,0.3,NA,NA,92.9,0.8,47.5
"760","RAP","Tolima","Acaldive",FALSE,67,5,0.2,NA,NA,93.1,0.7,48.2
"761","RAP","Tolima","Prosjuli",FALSE,68,5,0.2,NA,NA,93.3,0.7,48.9
"762","RAP","Tolima","Batocost",FALSE,69,5,0.2,NA,NA,93.6,0.7,49.6
"763","RAP","Tolima","Clusmino",FALSE,70,5,0.2,NA,NA,93.8,0.7,50.4
"764","RAP","Tolima","Macltinc",FALSE,71,5,0.2,NA,NA,94,0.7,51.1
"765","RAP","Tolima","Vismbacc",FALSE,72,5,0.2,NA,NA,94.2,0.7,51.8
"766","RAP","Tolima","Neeadiva",FALSE,73,5,0.2,NA,NA,94.4,0.7,52.5
"767","RAP","Tolima","Pseuguac",FALSE,74,5,0.2,NA,NA,94.7,0.7,53.2
"768","RAP","Tolima","Maynsp",FALSE,75,5,0.2,NA,NA,94.9,0.7,54
"769","RAP","Tolima","Guatsp",FALSE,76,5,0.2,NA,NA,95.1,0.7,54.7
"770","RAP","Tolima","Swarampl",FALSE,77,5,0.2,NA,NA,95.3,0.7,55.4
"771","RAP","Tolima","Psycsp",FALSE,78,5,0.2,NA,NA,95.6,0.7,56.1
"772","RAP","Tolima","Piptdisc",FALSE,79,4,0.2,NA,NA,95.7,0.6,56.8
"773","RAP","Tolima","Geniamer",FALSE,80,4,0.2,NA,NA,95.9,0.6,57.6
"774","RAP","Tolima","Posolati",FALSE,81,4,0.2,NA,NA,96.1,0.6,58.3
"775","RAP","Tolima","Micospic",FALSE,82,3,0.1,NA,NA,96.2,0.5,59
"776","RAP","Tolima","Achanigr",FALSE,83,3,0.1,NA,NA,96.4,0.5,59.7
"777","RAP","Tolima","Taberose",FALSE,84,3,0.1,NA,NA,96.5,0.5,60.4
"778","RAP","Tolima","Cecrpelt",FALSE,85,3,0.1,NA,NA,96.6,0.5,61.2
"779","RAP","Tolima","Swartria",FALSE,86,3,0.1,NA,NA,96.8,0.5,61.9
"780","RAP","Tolima","Coccpadi",FALSE,87,3,0.1,NA,NA,96.9,0.5,62.6
"781","RAP","Tolima","Stemgran",FALSE,88,3,0.1,NA,NA,97,0.5,63.3
"782","RAP","Tolima","Chryarge",FALSE,89,3,0.1,NA,NA,97.2,0.5,64
"783","RAP","Tolima","Mabemont",FALSE,90,3,0.1,NA,NA,97.3,0.5,64.7
"784","RAP","Tolima","Alibsp",FALSE,91,3,0.1,NA,NA,97.4,0.5,65.5
"785","RAP","Tolima","Pteroffi",FALSE,92,2,0.1,NA,NA,97.5,0.3,66.2
"786","RAP","Tolima","Urerverr",FALSE,93,2,0.1,NA,NA,97.6,0.3,66.9
"787","RAP","Tolima","Ormosp2",FALSE,94,2,0.1,NA,NA,97.7,0.3,67.6
"788","RAP","Tolima","Loncsp",FALSE,95,2,0.1,NA,NA,97.8,0.3,68.3
"789","RAP","Tolima","Hasssp",FALSE,96,2,0.1,NA,NA,97.9,0.3,69.1
"790","RAP","Tolima","Ocotalni",FALSE,97,2,0.1,NA,NA,98,0.3,69.8
"791","RAP","Tolima","Protmacr",FALSE,98,2,0.1,NA,NA,98,0.3,70.5
"792","RAP","Tolima","Buncpseu",FALSE,99,2,0.1,NA,NA,98.1,0.3,71.2
"793","RAP","Tolima","Cupasylv",FALSE,100,2,0.1,NA,NA,98.2,0.3,71.9
"794","RAP","Tolima","Picrlati",FALSE,101,2,0.1,NA,NA,98.3,0.3,72.7
"795","RAP","Tolima","Cuparufe",FALSE,102,1,0,NA,NA,98.4,0,73.4
"796","RAP","Tolima","Xyloarom",FALSE,103,1,0,NA,NA,98.4,0,74.1
"797","RAP","Tolima","Sennmult",FALSE,104,1,0,NA,NA,98.4,0,74.8
"798","RAP","Tolima","Banaguia",FALSE,105,1,0,NA,NA,98.5,0,75.5
"799","RAP","Tolima","Zantcari",FALSE,106,1,0,NA,NA,98.5,0,76.3
"800","RAP","Tolima","Daphamer",FALSE,107,1,0,NA,NA,98.6,0,77
"801","RAP","Tolima","Desmorth",FALSE,108,1,0,NA,NA,98.6,0,77.7
"802","RAP","Tolima","Ormosp3",FALSE,109,1,0,NA,NA,98.7,0,78.4
"803","RAP","Tolima","Annorufi",FALSE,110,1,0,NA,NA,98.7,0,79.1
"804","RAP","Tolima","Ochrpyra",FALSE,111,1,0,NA,NA,98.8,0,79.9
"805","RAP","Tolima","Coccobov",FALSE,112,1,0,NA,NA,98.8,0,80.6
"806","RAP","Tolima","Aphesp",FALSE,113,1,0,NA,NA,98.8,0,81.3
"807","RAP","Tolima","Luehseem",FALSE,114,1,0,NA,NA,98.9,0,82
"808","RAP","Tolima","Zantschr",FALSE,115,1,0,NA,NA,98.9,0,82.7
"809","RAP","Tolima","Simicord",FALSE,116,1,0,NA,NA,99,0,83.5
"810","RAP","Tolima","Psycmicr",FALSE,117,1,0,NA,NA,99,0,84.2
"811","RAP","Tolima","Hiratern",FALSE,118,1,0,NA,NA,99.1,0,84.9
"812","RAP","Tolima","Aracdisc",FALSE,119,1,0,NA,NA,99.1,0,85.6
"813","RAP","Tolima","Bauhpict",FALSE,120,1,0,NA,NA,99.2,0,86.3
"814","RAP","Tolima","Hamepate",FALSE,121,1,0,NA,NA,99.2,0,87.1
"815","RAP","Tolima","Annosp",FALSE,122,1,0,NA,NA,99.2,0,87.8
"816","RAP","Tolima","Banaibag",FALSE,123,1,0,NA,NA,99.3,0,88.5
"817","RAP","Tolima","Acalmacr",FALSE,124,1,0,NA,NA,99.3,0,89.2
"818","RAP","Tolima","Tabemark",FALSE,125,1,0,NA,NA,99.4,0,89.9
"819","RAP","Tolima","Lepisp",FALSE,126,1,0,NA,NA,99.4,0,90.6
"820","RAP","Tolima","Ceibpent",FALSE,127,1,0,NA,NA,99.5,0,91.4
"821","RAP","Tolima","Celtigua",FALSE,128,1,0,NA,NA,99.5,0,92.1
"822","RAP","Tolima","Guetrusb",FALSE,129,1,0,NA,NA,99.6,0,92.8
"823","RAP","Tolima","Guatanom",FALSE,130,1,0,NA,NA,99.6,0,93.5
"824","RAP","Tolima","Dalbfrut",FALSE,131,1,0,NA,NA,99.6,0,94.2
"825","RAP","Tolima","Diloeleg",FALSE,132,1,0,NA,NA,99.7,0,95
"826","RAP","Tolima","Cynoampl",FALSE,133,1,0,NA,NA,99.7,0,95.7
"827","RAP","Tolima","Zizistry",FALSE,134,1,0,NA,NA,99.8,0,96.4
"828","RAP","Tolima","Vititili",FALSE,135,1,0,NA,NA,99.8,0,97.1
"829","RAP","Tolima","Cupaamer",FALSE,136,1,0,NA,NA,99.9,0,97.8
"830","RAP","Tolima","Mucuuren",FALSE,137,1,0,NA,NA,99.9,0,98.6
"831","RAP","Tolima","Buncniti",FALSE,138,1,0,NA,NA,100,0,99.3
"832","RAP","Tolima","Ficusp",FALSE,139,1,0,NA,NA,100,0,100
"833","RAP","TolimaS","Eugeproc",TRUE,1,312,16.2,NA,NA,16.2,2.5,1
"834","RAP","TolimaS","Machcapo",TRUE,2,162,8.4,NA,NA,24.6,2.2,1.9
"835","RAP","TolimaS","Myrcfall",TRUE,3,149,7.7,NA,NA,32.3,2.2,2.9
"836","RAP","TolimaS","Guazulmi",FALSE,4,129,6.7,NA,NA,39,2.1,3.8
"837","RAP","TolimaS","Combfrut",FALSE,5,109,5.7,NA,NA,44.7,2,4.8
"838","RAP","TolimaS","Eugevene",FALSE,6,77,4,NA,NA,48.7,1.9,5.8
"839","RAP","TolimaS","Nectline",FALSE,7,65,3.4,NA,NA,52,1.8,6.7
"840","RAP","TolimaS","Annorens",FALSE,8,57,3,NA,NA,55,1.8,7.7
"841","RAP","TolimaS","Petrpube",FALSE,9,56,2.9,NA,NA,57.9,1.7,8.7
"842","RAP","TolimaS","Couthexa",FALSE,10,52,2.7,NA,NA,60.6,1.7,9.6
"843","RAP","TolimaS","Coccobov",FALSE,11,40,2.1,NA,NA,62.7,1.6,10.6
"844","RAP","TolimaS","Handochr",FALSE,12,38,2,NA,NA,64.6,1.6,11.5
"845","RAP","TolimaS","Chomsp",FALSE,13,32,1.7,NA,NA,66.3,1.5,12.5
"846","RAP","TolimaS","Byrscras",FALSE,14,29,1.5,NA,NA,67.8,1.5,13.5
"847","RAP","TolimaS","Broncorn",FALSE,15,27,1.4,NA,NA,69.2,1.4,14.4
"848","RAP","TolimaS","Curaamer",FALSE,16,26,1.3,NA,NA,70.5,1.4,15.4
"849","RAP","TolimaS","Astrgrav",FALSE,17,25,1.3,NA,NA,71.8,1.4,16.3
"850","RAP","TolimaS","Eugeflor",FALSE,18,25,1.3,NA,NA,73.1,1.4,17.3
"851","RAP","TolimaS","Salasp2",FALSE,19,25,1.3,NA,NA,74.4,1.4,18.3
"852","RAP","TolimaS","Handchry",FALSE,20,24,1.2,NA,NA,75.7,1.4,19.2
"853","RAP","TolimaS","Zantrigi",FALSE,21,19,1,NA,NA,76.7,1.3,20.2
"854","RAP","TolimaS","Casecory",FALSE,22,18,0.9,NA,NA,77.6,1.3,21.2
"855","RAP","TolimaS","Guetrusb",FALSE,23,18,0.9,NA,NA,78.5,1.3,22.1
"856","RAP","TolimaS","Pithdulc",FALSE,24,16,0.8,NA,NA,79.4,1.2,23.1
"857","RAP","TolimaS","Loncseri",FALSE,25,15,0.8,NA,NA,80.1,1.2,24
"858","RAP","TolimaS","Banaibag",FALSE,26,15,0.8,NA,NA,80.9,1.2,25
"859","RAP","TolimaS","Crotschi",FALSE,27,14,0.7,NA,NA,81.6,1.1,26
"860","RAP","TolimaS","Pseuguac",FALSE,28,14,0.7,NA,NA,82.4,1.1,26.9
"861","RAP","TolimaS","Randsp4",FALSE,29,14,0.7,NA,NA,83.1,1.1,27.9
"862","RAP","TolimaS","Stylturb",FALSE,30,13,0.7,NA,NA,83.8,1.1,28.8
"863","RAP","TolimaS","Pouthisp",FALSE,31,13,0.7,NA,NA,84.4,1.1,29.8
"864","RAP","TolimaS","Neeasp",FALSE,32,13,0.7,NA,NA,85.1,1.1,30.8
"865","RAP","TolimaS","Ampesp",FALSE,33,12,0.6,NA,NA,85.7,1.1,31.7
"866","RAP","TolimaS","Sponmomb",FALSE,34,12,0.6,NA,NA,86.4,1.1,32.7
"867","RAP","TolimaS","Jacacauc",FALSE,35,12,0.6,NA,NA,87,1.1,33.7
"868","RAP","TolimaS","Nectsp3",FALSE,36,11,0.6,NA,NA,87.6,1,34.6
"869","RAP","TolimaS","Entescho",FALSE,37,11,0.6,NA,NA,88.1,1,35.6
"870","RAP","TolimaS","Sorospru",FALSE,38,10,0.5,NA,NA,88.6,1,36.5
"871","RAP","TolimaS","Psycsp",FALSE,39,10,0.5,NA,NA,89.2,1,37.5
"872","RAP","TolimaS","Anacexce",FALSE,40,9,0.5,NA,NA,89.6,1,38.5
"873","RAP","TolimaS","Cupalati",FALSE,41,8,0.4,NA,NA,90,0.9,39.4
"874","RAP","TolimaS","Geniamer",FALSE,42,8,0.4,NA,NA,90.5,0.9,40.4
"875","RAP","TolimaS","Zantquin",FALSE,43,8,0.4,NA,NA,90.9,0.9,41.3
"876","RAP","TolimaS","Tricmart",FALSE,44,7,0.4,NA,NA,91.2,0.8,42.3
"877","RAP","TolimaS","Amphpani",FALSE,45,7,0.4,NA,NA,91.6,0.8,43.3
"878","RAP","TolimaS","Macltinc",FALSE,46,7,0.4,NA,NA,92,0.8,44.2
"879","RAP","TolimaS","Ficusp1",FALSE,47,6,0.3,NA,NA,92.3,0.8,45.2
"880","RAP","TolimaS","Machbiov",FALSE,48,6,0.3,NA,NA,92.6,0.8,46.2
"881","RAP","TolimaS","Viteflav",FALSE,49,6,0.3,NA,NA,92.9,0.8,47.1
"882","RAP","TolimaS","Cecrpelt",FALSE,50,6,0.3,NA,NA,93.2,0.8,48.1
"883","RAP","TolimaS","Xyloeleg",FALSE,51,6,0.3,NA,NA,93.5,0.8,49
"884","RAP","TolimaS","Machgoud",FALSE,52,6,0.3,NA,NA,93.8,0.8,50
"885","RAP","TolimaS","Schnglab",FALSE,53,5,0.3,NA,NA,94.1,0.7,51
"886","RAP","TolimaS","Crotfrag",FALSE,54,5,0.3,NA,NA,94.3,0.7,51.9
"887","RAP","TolimaS","Randsp2",FALSE,55,5,0.3,NA,NA,94.6,0.7,52.9
"888","RAP","TolimaS","Ficusp2",FALSE,56,5,0.3,NA,NA,94.9,0.7,53.8
"889","RAP","TolimaS","Loncsp",FALSE,57,5,0.3,NA,NA,95.1,0.7,54.8
"890","RAP","TolimaS","Laciaggr",FALSE,58,5,0.3,NA,NA,95.4,0.7,55.8
"891","RAP","TolimaS","Psidguin",FALSE,59,4,0.2,NA,NA,95.6,0.6,56.7
"892","RAP","TolimaS","Cordsp5",FALSE,60,4,0.2,NA,NA,95.8,0.6,57.7
"893","RAP","TolimaS","Mabemont",FALSE,61,4,0.2,NA,NA,96,0.6,58.7
"894","RAP","TolimaS","Machsp12",FALSE,62,4,0.2,NA,NA,96.2,0.6,59.6
"895","RAP","TolimaS","Randsp3",FALSE,63,4,0.2,NA,NA,96.4,0.6,60.6
"896","RAP","TolimaS","Muntcala",FALSE,64,4,0.2,NA,NA,96.6,0.6,61.5
"897","RAP","TolimaS","Cappsp2",FALSE,65,3,0.2,NA,NA,96.8,0.5,62.5
"898","RAP","TolimaS","Banisp2",FALSE,66,3,0.2,NA,NA,96.9,0.5,63.5
"899","RAP","TolimaS","Aspicusp",FALSE,67,3,0.2,NA,NA,97.1,0.5,64.4
"900","RAP","TolimaS","Burstome",FALSE,68,3,0.2,NA,NA,97.3,0.5,65.4
"901","RAP","TolimaS","Cappsp1",FALSE,69,3,0.2,NA,NA,97.4,0.5,66.3
"902","RAP","TolimaS","Swarrobi",FALSE,70,3,0.2,NA,NA,97.6,0.5,67.3
"903","RAP","TolimaS","Ficuinsi",FALSE,71,3,0.2,NA,NA,97.7,0.5,68.3
"904","RAP","TolimaS","Poutcaim",FALSE,72,2,0.1,NA,NA,97.8,0.3,69.2
"905","RAP","TolimaS","Crothibi",FALSE,73,2,0.1,NA,NA,97.9,0.3,70.2
"906","RAP","TolimaS","Xyloarom",FALSE,74,2,0.1,NA,NA,98,0.3,71.2
"907","RAP","TolimaS","Melibiju",FALSE,75,2,0.1,NA,NA,98.1,0.3,72.1
"908","RAP","TolimaS","Randarma",FALSE,76,2,0.1,NA,NA,98.2,0.3,73.1
"909","RAP","TolimaS","Erytfusc",FALSE,77,2,0.1,NA,NA,98.3,0.3,74
"910","RAP","TolimaS","Picrlati",FALSE,78,2,0.1,NA,NA,98.4,0.3,75
"911","RAP","TolimaS","Zantsp2",FALSE,79,2,0.1,NA,NA,98.5,0.3,76
"912","RAP","TolimaS","Eugebifl",FALSE,80,2,0.1,NA,NA,98.7,0.3,76.9
"913","RAP","TolimaS","Hetelaur",FALSE,81,2,0.1,NA,NA,98.8,0.3,77.9
"914","RAP","TolimaS","Eugesp3",FALSE,82,2,0.1,NA,NA,98.9,0.3,78.8
"915","RAP","TolimaS","Stigdich",FALSE,83,1,0.1,NA,NA,98.9,0,79.8
"916","RAP","TolimaS","Indet34",FALSE,84,1,0.1,NA,NA,99,0,80.8
"917","RAP","TolimaS","Neeaspru",FALSE,85,1,0.1,NA,NA,99,0,81.7
"918","RAP","TolimaS","Cestalte",FALSE,86,1,0.1,NA,NA,99.1,0,82.7
"919","RAP","TolimaS","Indet167",FALSE,87,1,0.1,NA,NA,99.1,0,83.7
"920","RAP","TolimaS","Indet20",FALSE,88,1,0.1,NA,NA,99.2,0,84.6
"921","RAP","TolimaS","Handsp",FALSE,89,1,0.1,NA,NA,99.2,0,85.6
"922","RAP","TolimaS","Crescuje",FALSE,90,1,0.1,NA,NA,99.3,0,86.5
"923","RAP","TolimaS","Crotgoss",FALSE,91,1,0.1,NA,NA,99.3,0,87.5
"924","RAP","TolimaS","Brossp2",FALSE,92,1,0.1,NA,NA,99.4,0,88.5
"925","RAP","TolimaS","Indet45",FALSE,93,1,0.1,NA,NA,99.4,0,89.4
"926","RAP","TolimaS","Pseusept",FALSE,94,1,0.1,NA,NA,99.5,0,90.4
"927","RAP","TolimaS","Lycomexi",FALSE,95,1,0.1,NA,NA,99.5,0,91.3
"928","RAP","TolimaS","Sapisapo",FALSE,96,1,0.1,NA,NA,99.6,0,92.3
"929","RAP","TolimaS","Apocsp3",FALSE,97,1,0.1,NA,NA,99.6,0,93.3
"930","RAP","TolimaS","Matasp",FALSE,98,1,0.1,NA,NA,99.7,0,94.2
"931","RAP","TolimaS","Machglab",FALSE,99,1,0.1,NA,NA,99.7,0,95.2
"932","RAP","TolimaS","Cordsp6",FALSE,100,1,0.1,NA,NA,99.8,0,96.2
"933","RAP","TolimaS","Ixorfinl",FALSE,101,1,0.1,NA,NA,99.8,0,97.1
"934","RAP","TolimaS","Eugesp4",FALSE,102,1,0.1,NA,NA,99.9,0,98.1
"935","RAP","TolimaS","Bigndive",FALSE,103,1,0.1,NA,NA,99.9,0,99
"936","RAP","TolimaS","Annosp3",FALSE,104,1,0.1,NA,NA,100,0,100
"937","RAP","Valle","Eugeproc",TRUE,1,495,15.9,NA,NA,15.9,2.7,1.3
"938","RAP","Valle","Brosalic",TRUE,2,279,8.9,NA,NA,24.8,2.4,2.5
"939","RAP","Valle","Guazulmi",TRUE,3,279,8.9,NA,NA,33.7,2.4,3.8
"940","RAP","Valle","Triceleg",FALSE,4,198,6.3,NA,NA,40.1,2.3,5.1
"941","RAP","Valle","Myrcfall",FALSE,5,187,6,NA,NA,46.1,2.3,6.3
"942","RAP","Valle","Murrpani",FALSE,6,149,4.8,NA,NA,50.8,2.2,7.6
"943","RAP","Valle","Malpglab",FALSE,7,146,4.7,NA,NA,55.5,2.2,8.9
"944","RAP","Valle","Buncpseu",FALSE,8,100,3.2,NA,NA,58.7,2,10.1
"945","RAP","Valle","Buncsp",FALSE,9,92,2.9,NA,NA,61.7,2,11.4
"946","RAP","Valle","Zantverr",FALSE,10,86,2.8,NA,NA,64.4,1.9,12.7
"947","RAP","Valle","Sorospru",FALSE,11,83,2.7,NA,NA,67.1,1.9,13.9
"948","RAP","Valle","Guapcost",FALSE,12,80,2.6,NA,NA,69.6,1.9,15.2
"949","RAP","Valle","Tricgiga",FALSE,13,63,2,NA,NA,71.7,1.8,16.5
"950","RAP","Valle","Calllehm",FALSE,14,57,1.8,NA,NA,73.5,1.8,17.7
"951","RAP","Valle","Critmori",FALSE,15,52,1.7,NA,NA,75.1,1.7,19
"952","RAP","Valle","Zantfaga",FALSE,16,45,1.4,NA,NA,76.6,1.7,20.3
"953","RAP","Valle","Pithdulc",FALSE,17,43,1.4,NA,NA,78,1.6,21.5
"954","RAP","Valle","Pereangu",FALSE,18,40,1.3,NA,NA,79.2,1.6,22.8
"955","RAP","Valle","Cluscoch",FALSE,19,39,1.2,NA,NA,80.5,1.6,24.1
"956","RAP","Valle","Cithkunt",FALSE,20,39,1.2,NA,NA,81.7,1.6,25.3
"957","RAP","Valle","Pipereti",FALSE,21,38,1.2,NA,NA,83,1.6,26.6
"958","RAP","Valle","Amyrpinn",FALSE,22,35,1.1,NA,NA,84.1,1.5,27.8
"959","RAP","Valle","Chryarge",FALSE,23,32,1,NA,NA,85.1,1.5,29.1
"960","RAP","Valle","Myrslati",FALSE,24,31,1,NA,NA,86.1,1.5,30.4
"961","RAP","Valle","Ingasp10",FALSE,25,31,1,NA,NA,87.1,1.5,31.6
"962","RAP","Valle","Pipesp5",FALSE,26,29,0.9,NA,NA,88,1.5,32.9
"963","RAP","Valle","Lycomexi",FALSE,27,29,0.9,NA,NA,88.9,1.5,34.2
"964","RAP","Valle","Tricpall",FALSE,28,28,0.9,NA,NA,89.8,1.4,35.4
"965","RAP","Valle","Cinntrip",FALSE,29,28,0.9,NA,NA,90.7,1.4,36.7
"966","RAP","Valle","Annomuri",FALSE,30,23,0.7,NA,NA,91.5,1.4,38
"967","RAP","Valle","Sapisapo",FALSE,31,23,0.7,NA,NA,92.2,1.4,39.2
"968","RAP","Valle","Zantgent",FALSE,32,22,0.7,NA,NA,92.9,1.3,40.5
"969","RAP","Valle","Hamepate",FALSE,33,21,0.7,NA,NA,93.6,1.3,41.8
"970","RAP","Valle","Ingasp11",FALSE,34,19,0.6,NA,NA,94.2,1.3,43
"971","RAP","Valle","Annoquin",FALSE,35,15,0.5,NA,NA,94.7,1.2,44.3
"972","RAP","Valle","Coffarab",FALSE,36,15,0.5,NA,NA,95.2,1.2,45.6
"973","RAP","Valle","Vachmacr",FALSE,37,13,0.4,NA,NA,95.6,1.1,46.8
"974","RAP","Valle","Pipeauri",FALSE,38,10,0.3,NA,NA,95.9,1,48.1
"975","RAP","Valle","Bignsp",FALSE,39,9,0.3,NA,NA,96.2,1,49.4
"976","RAP","Valle","Euphcoti",FALSE,40,9,0.3,NA,NA,96.5,1,50.6
"977","RAP","Valle","Crotsp2",FALSE,41,8,0.3,NA,NA,96.7,0.9,51.9
"978","RAP","Valle","Zantcari",FALSE,42,8,0.3,NA,NA,97,0.9,53.2
"979","RAP","Valle","Vachfarn",FALSE,43,7,0.2,NA,NA,97.2,0.8,54.4
"980","RAP","Valle","Sambnigr",FALSE,44,7,0.2,NA,NA,97.4,0.8,55.7
"981","RAP","Valle","Vernpate",FALSE,45,6,0.2,NA,NA,97.6,0.8,57
"982","RAP","Valle","Cynoampl",FALSE,46,6,0.2,NA,NA,97.8,0.8,58.2
"983","RAP","Valle","Pisoacul",FALSE,47,6,0.2,NA,NA,98,0.8,59.5
"984","RAP","Valle","Ficusp2",FALSE,48,5,0.2,NA,NA,98.2,0.7,60.8
"985","RAP","Valle","Cascthev",FALSE,49,5,0.2,NA,NA,98.3,0.7,62
"986","RAP","Valle","Pipesp4",FALSE,50,5,0.2,NA,NA,98.5,0.7,63.3
"987","RAP","Valle","Zantsp5",FALSE,51,4,0.1,NA,NA,98.6,0.6,64.6
"988","RAP","Valle","Tricocta",FALSE,52,3,0.1,NA,NA,98.7,0.5,65.8
"989","RAP","Valle","Oreoacer",FALSE,53,3,0.1,NA,NA,98.8,0.5,67.1
"990","RAP","Valle","Geniamer",FALSE,54,3,0.1,NA,NA,98.9,0.5,68.4
"991","RAP","Valle","Ptersp4",FALSE,55,3,0.1,NA,NA,99,0.5,69.6
"992","RAP","Valle","Nectline",FALSE,56,2,0.1,NA,NA,99.1,0.3,70.9
"993","RAP","Valle","Ficuobtu",FALSE,57,2,0.1,NA,NA,99.1,0.3,72.2
"994","RAP","Valle","Senndari",FALSE,58,2,0.1,NA,NA,99.2,0.3,73.4
"995","RAP","Valle","Fabasp3",FALSE,59,2,0.1,NA,NA,99.3,0.3,74.7
"996","RAP","Valle","Toxistri",FALSE,60,2,0.1,NA,NA,99.3,0.3,75.9
"997","RAP","Valle","Lantcama",FALSE,61,2,0.1,NA,NA,99.4,0.3,77.2
"998","RAP","Valle","Zantschr",FALSE,62,2,0.1,NA,NA,99.5,0.3,78.5
"999","RAP","Valle","Zantsp3",FALSE,63,1,0,NA,NA,99.5,0,79.7
"1000","RAP","Valle","Ficuinsi",FALSE,64,1,0,NA,NA,99.5,0,81
"1001","RAP","Valle","Callpitt",FALSE,65,1,0,NA,NA,99.6,0,82.3
"1002","RAP","Valle","Persamer",FALSE,66,1,0,NA,NA,99.6,0,83.5
"1003","RAP","Valle","Chlomang",FALSE,67,1,0,NA,NA,99.6,0,84.8
"1004","RAP","Valle","Indet156",FALSE,68,1,0,NA,NA,99.6,0,86.1
"1005","RAP","Valle","Cosmgran",FALSE,69,1,0,NA,NA,99.7,0,87.3
"1006","RAP","Valle","Steiglan",FALSE,70,1,0,NA,NA,99.7,0,88.6
"1007","RAP","Valle","Oenosp",FALSE,71,1,0,NA,NA,99.7,0,89.9
"1008","RAP","Valle","Indet147",FALSE,72,1,0,NA,NA,99.8,0,91.1
"1009","RAP","Valle","Machsp13",FALSE,73,1,0,NA,NA,99.8,0,92.4
"1010","RAP","Valle","Indet30",FALSE,74,1,0,NA,NA,99.8,0,93.7
"1011","RAP","Valle","Mandbogo",FALSE,75,1,0,NA,NA,99.9,0,94.9
"1012","RAP","Valle","Cynopoly",FALSE,76,1,0,NA,NA,99.9,0,96.2
"1013","RAP","Valle","Sterapet",FALSE,77,1,0,NA,NA,99.9,0,97.5
"1014","RAP","Valle","Indet28",FALSE,78,1,0,NA,NA,100,0,98.7
"1015","RAP","Valle","Chioalba",FALSE,79,1,0,NA,NA,100,0,100
